TestCaseID,Interference,Date,Timestamp,Container_ID,Container_Name,CPU_Usage,Memory_Usage,Disk_IO_Read,Disk_IO_Write,FS Usage,Net_IO_In,Net_IO_Out,Processes
TC-VM-07,cmembw100,2025-04-14,2025-04-14 15:48:12,0205185befff7ac438627fc14355ce2926f0f762048bc1846cc93e13b3617b82,socialnetwork_app_media-mongodb_1,0.004301101591186205,91107328.0,,,1052672.0,0.0,0.0,
TC-VM-07,cmembw100,2025-04-14,2025-04-14 15:48:17,0205185befff7ac438627fc14355ce2926f0f762048bc1846cc93e13b3617b82,socialnetwork_app_media-mongodb_1,0.003149236856983224,90845184.0,,,1052672.0,0.0,0.0,
TC-VM-07,cmembw100,2025-04-14,2025-04-14 15:48:22,0205185befff7ac438627fc14355ce2926f0f762048bc1846cc93e13b3617b82,socialnetwork_app_media-mongodb_1,0.0037004032258068954,90845184.0,,,1052672.0,0.0,0.0,
TC-VM-07,cmembw100,2025-04-14,2025-04-14 15:48:27,0205185befff7ac438627fc14355ce2926f0f762048bc1846cc93e13b3617b82,socialnetwork_app_media-mongodb_1,0.003584938704029808,90845184.0,,,1052672.0,0.0,0.0,
TC-VM-07,cmembw100,2025-04-14,2025-04-14 15:48:32,0205185befff7ac438627fc14355ce2926f0f762048bc1846cc93e13b3617b82,socialnetwork_app_media-mongodb_1,0.003584878744651115,90845184.0,,,1052672.0,0.0,0.0,
TC-VM-07,cmembw100,2025-04-14,2025-04-14 15:48:37,0205185befff7ac438627fc14355ce2926f0f762048bc1846cc93e13b3617b82,socialnetwork_app_media-mongodb_1,,90845184.0,,,1052672.0,,,
TC-VM-07,cmembw100,2025-04-14,2025-04-14 15:48:42,0205185befff7ac438627fc14355ce2926f0f762048bc1846cc93e13b3617b82,socialnetwork_app_media-mongodb_1,0.004128773875538894,89272320.0,,,1052672.0,0.0,0.0,
TC-VM-07,cmembw100,2025-04-14,2025-04-14 15:48:47,0205185befff7ac438627fc14355ce2926f0f762048bc1846cc93e13b3617b82,socialnetwork_app_media-mongodb_1,0.006665066666668432,89272320.0,,,1052672.0,0.0,0.0,
TC-VM-07,cmembw100,2025-04-14,2025-04-14 15:48:52,0205185befff7ac438627fc14355ce2926f0f762048bc1846cc93e13b3617b82,socialnetwork_app_media-mongodb_1,0.0040346866377607505,85078016.0,,,1052672.0,0.0,0.0,
TC-VM-07,cmembw100,2025-04-14,2025-04-14 15:48:57,0205185befff7ac438627fc14355ce2926f0f762048bc1846cc93e13b3617b82,socialnetwork_app_media-mongodb_1,0.00600702323068653,83779584.0,,,1052672.0,0.0,0.0,
TC-VM-07,cmembw100,2025-04-14,2025-04-14 15:49:02,0205185befff7ac438627fc14355ce2926f0f762048bc1846cc93e13b3617b82,socialnetwork_app_media-mongodb_1,0.003921406116034258,82468864.0,,,1052672.0,0.0,0.0,
TC-VM-07,cmembw100,2025-04-14,2025-04-14 15:49:07,0205185befff7ac438627fc14355ce2926f0f762048bc1846cc93e13b3617b82,socialnetwork_app_media-mongodb_1,0.008015883977899119,82468864.0,,,1052672.0,0.0,0.0,
TC-VM-07,cmembw100,2025-04-14,2025-04-14 15:49:12,0205185befff7ac438627fc14355ce2926f0f762048bc1846cc93e13b3617b82,socialnetwork_app_media-mongodb_1,0.003943994364213733,81158144.0,,,1052672.0,0.0,0.0,
TC-VM-07,cmembw100,2025-04-14,2025-04-14 15:49:17,0205185befff7ac438627fc14355ce2926f0f762048bc1846cc93e13b3617b82,socialnetwork_app_media-mongodb_1,0.0036036184210504075,81158144.0,,,1052672.0,0.0,0.0,
TC-VM-07,cmembw100,2025-04-14,2025-04-14 15:49:22,0205185befff7ac438627fc14355ce2926f0f762048bc1846cc93e13b3617b82,socialnetwork_app_media-mongodb_1,0.004094236760124836,77234176.0,,,1052672.0,0.0,0.0,
TC-VM-07,cmembw100,2025-04-14,2025-04-14 15:48:12,063fe4f75fba4a3a1afacddd1ca633a88a6dd898d7a833f0c3e44a48b42fbafd,socialnetwork_app_user-mongodb_1,0.004791626095419627,100184064.0,,,1585152.0,0.0,0.0,
TC-VM-07,cmembw100,2025-04-14,2025-04-14 15:48:17,063fe4f75fba4a3a1afacddd1ca633a88a6dd898d7a833f0c3e44a48b42fbafd,socialnetwork_app_user-mongodb_1,0.00504883227176769,100184064.0,,,1585152.0,0.0,0.0,
TC-VM-07,cmembw100,2025-04-14,2025-04-14 15:48:22,063fe4f75fba4a3a1afacddd1ca633a88a6dd898d7a833f0c3e44a48b42fbafd,socialnetwork_app_user-mongodb_1,0.0023057432432469715,100188160.0,,,1585152.0,0.0,0.0,
TC-VM-07,cmembw100,2025-04-14,2025-04-14 15:48:27,063fe4f75fba4a3a1afacddd1ca633a88a6dd898d7a833f0c3e44a48b42fbafd,socialnetwork_app_user-mongodb_1,0.514505892255891,100196352.0,,,1585152.0,158620.37037037036,597906.5656565657,
TC-VM-07,cmembw100,2025-04-14,2025-04-14 15:48:32,063fe4f75fba4a3a1afacddd1ca633a88a6dd898d7a833f0c3e44a48b42fbafd,socialnetwork_app_user-mongodb_1,0.6000335294117697,100139008.0,,,1585152.0,180307.05882352943,675426.4705882353,
TC-VM-07,cmembw100,2025-04-14,2025-04-14 15:48:37,063fe4f75fba4a3a1afacddd1ca633a88a6dd898d7a833f0c3e44a48b42fbafd,socialnetwork_app_user-mongodb_1,0.6367115581316104,100147200.0,,,1585152.0,194300.37504261849,730734.7425843846,
TC-VM-07,cmembw100,2025-04-14,2025-04-14 15:48:42,063fe4f75fba4a3a1afacddd1ca633a88a6dd898d7a833f0c3e44a48b42fbafd,socialnetwork_app_user-mongodb_1,0.6230522033898346,98631680.0,,,1585152.0,188796.61016949153,698926.7796610169,
TC-VM-07,cmembw100,2025-04-14,2025-04-14 15:48:47,063fe4f75fba4a3a1afacddd1ca633a88a6dd898d7a833f0c3e44a48b42fbafd,socialnetwork_app_user-mongodb_1,0.5959808153477071,98631680.0,,,1585152.0,179960.03197442048,658233.4132693845,
TC-VM-07,cmembw100,2025-04-14,2025-04-14 15:48:52,063fe4f75fba4a3a1afacddd1ca633a88a6dd898d7a833f0c3e44a48b42fbafd,socialnetwork_app_user-mongodb_1,0.5547400000000055,94085120.0,,,1585152.0,167938.85714285713,615841.1428571428,
TC-VM-07,cmembw100,2025-04-14,2025-04-14 15:48:57,063fe4f75fba4a3a1afacddd1ca633a88a6dd898d7a833f0c3e44a48b42fbafd,socialnetwork_app_user-mongodb_1,0.5516578192252555,92504064.0,,,1585152.0,166565.99713055955,619660.6886657103,
TC-VM-07,cmembw100,2025-04-14,2025-04-14 15:49:02,063fe4f75fba4a3a1afacddd1ca633a88a6dd898d7a833f0c3e44a48b42fbafd,socialnetwork_app_user-mongodb_1,0.5427553191489252,90972160.0,,,1585152.0,166844.85815602838,623896.2765957448,
TC-VM-07,cmembw100,2025-04-14,2025-04-14 15:49:07,063fe4f75fba4a3a1afacddd1ca633a88a6dd898d7a833f0c3e44a48b42fbafd,socialnetwork_app_user-mongodb_1,0.5989571773220665,90976256.0,,,1585152.0,182814.83715319663,687415.5609167672,
TC-VM-07,cmembw100,2025-04-14,2025-04-14 15:49:12,063fe4f75fba4a3a1afacddd1ca633a88a6dd898d7a833f0c3e44a48b42fbafd,socialnetwork_app_user-mongodb_1,0.6206013422818678,89427968.0,,,1585152.0,186562.41610738254,688501.3422818792,
TC-VM-07,cmembw100,2025-04-14,2025-04-14 15:49:17,063fe4f75fba4a3a1afacddd1ca633a88a6dd898d7a833f0c3e44a48b42fbafd,socialnetwork_app_user-mongodb_1,0.600300514800525,86552576.0,,,1585152.0,178330.75933075932,655075.933075933,
TC-VM-07,cmembw100,2025-04-14,2025-04-14 15:49:22,063fe4f75fba4a3a1afacddd1ca633a88a6dd898d7a833f0c3e44a48b42fbafd,socialnetwork_app_user-mongodb_1,0.6202999336430004,85245952.0,,,1585152.0,186328.13536828136,700006.6357000665,
TC-VM-07,cmembw100,2025-04-14,2025-04-14 15:48:12,0a6fd8f084a0218dd52f50fbf46e91ced84e691eab2b7093132192b9fc0fed4f,socialnetwork_app_unique-id-service_1,,3112960.0,,,114688.0,,,
TC-VM-07,cmembw100,2025-04-14,2025-04-14 15:48:17,0a6fd8f084a0218dd52f50fbf46e91ced84e691eab2b7093132192b9fc0fed4f,socialnetwork_app_unique-id-service_1,,3112960.0,,,114688.0,,,
TC-VM-07,cmembw100,2025-04-14,2025-04-14 15:48:22,0a6fd8f084a0218dd52f50fbf46e91ced84e691eab2b7093132192b9fc0fed4f,socialnetwork_app_unique-id-service_1,0.0,3112960.0,,,114688.0,0.0,0.0,
TC-VM-07,cmembw100,2025-04-14,2025-04-14 15:48:27,0a6fd8f084a0218dd52f50fbf46e91ced84e691eab2b7093132192b9fc0fed4f,socialnetwork_app_unique-id-service_1,,3084288.0,,,114688.0,,,
TC-VM-07,cmembw100,2025-04-14,2025-04-14 15:48:32,0a6fd8f084a0218dd52f50fbf46e91ced84e691eab2b7093132192b9fc0fed4f,socialnetwork_app_unique-id-service_1,0.07693877551020403,3149824.0,,,114688.0,125819.84517945109,69342.71639690359,
TC-VM-07,cmembw100,2025-04-14,2025-04-14 15:48:37,0a6fd8f084a0218dd52f50fbf46e91ced84e691eab2b7093132192b9fc0fed4f,socialnetwork_app_unique-id-service_1,0.07804990151017686,3112960.0,,,114688.0,127102.42941562706,70038.08273145108,
TC-VM-07,cmembw100,2025-04-14,2025-04-14 15:48:42,0a6fd8f084a0218dd52f50fbf46e91ced84e691eab2b7093132192b9fc0fed4f,socialnetwork_app_unique-id-service_1,0.07675463431075112,2887680.0,,,114688.0,130996.96663296259,72078.8675429727,
TC-VM-07,cmembw100,2025-04-14,2025-04-14 15:48:47,0a6fd8f084a0218dd52f50fbf46e91ced84e691eab2b7093132192b9fc0fed4f,socialnetwork_app_unique-id-service_1,0.07717964480874383,2785280.0,,,114688.0,127719.94535519126,115470.62841530055,
TC-VM-07,cmembw100,2025-04-14,2025-04-14 15:48:52,0a6fd8f084a0218dd52f50fbf46e91ced84e691eab2b7093132192b9fc0fed4f,socialnetwork_app_unique-id-service_1,0.06981101759755196,2502656.0,,,114688.0,117437.64345830146,64632.74674827851,
TC-VM-07,cmembw100,2025-04-14,2025-04-14 15:48:57,0a6fd8f084a0218dd52f50fbf46e91ced84e691eab2b7093132192b9fc0fed4f,socialnetwork_app_unique-id-service_1,0.07284752981260668,2314240.0,,,114688.0,124190.800681431,68479.55706984668,
TC-VM-07,cmembw100,2025-04-14,2025-04-14 15:49:02,0a6fd8f084a0218dd52f50fbf46e91ced84e691eab2b7093132192b9fc0fed4f,socialnetwork_app_unique-id-service_1,0.07233514352210998,2314240.0,,,114688.0,118790.53529868115,65498.8363072149,
TC-VM-07,cmembw100,2025-04-14,2025-04-14 15:49:07,0a6fd8f084a0218dd52f50fbf46e91ced84e691eab2b7093132192b9fc0fed4f,socialnetwork_app_unique-id-service_1,0.0737616883116882,2281472.0,,,114688.0,122966.23376623377,67748.05194805194,
TC-VM-07,cmembw100,2025-04-14,2025-04-14 15:49:12,0a6fd8f084a0218dd52f50fbf46e91ced84e691eab2b7093132192b9fc0fed4f,socialnetwork_app_unique-id-service_1,0.08115258677144731,2285568.0,,,114688.0,134581.53241650295,117480.0261951539,
TC-VM-07,cmembw100,2025-04-14,2025-04-14 15:49:17,0a6fd8f084a0218dd52f50fbf46e91ced84e691eab2b7093132192b9fc0fed4f,socialnetwork_app_unique-id-service_1,,2318336.0,,,114688.0,,,
TC-VM-07,cmembw100,2025-04-14,2025-04-14 15:49:22,0a6fd8f084a0218dd52f50fbf46e91ced84e691eab2b7093132192b9fc0fed4f,socialnetwork_app_unique-id-service_1,0.07808679039301233,2285568.0,,,114688.0,129813.31877729257,71509.82532751092,
TC-VM-07,cmembw100,2025-04-14,2025-04-14 15:48:12,0f3c24833adc183e35730c0ccdf10f581d61f7951f6c777996d29b835ba1e90e,socialnetwork_app_post-storage-mongodb_1,0.004159482758617887,295358464.0,,,1167360.0,0.0,0.0,
TC-VM-07,cmembw100,2025-04-14,2025-04-14 15:48:17,0f3c24833adc183e35730c0ccdf10f581d61f7951f6c777996d29b835ba1e90e,socialnetwork_app_post-storage-mongodb_1,0.0031624999999986113,295358464.0,,,1167360.0,0.0,0.0,
TC-VM-07,cmembw100,2025-04-14,2025-04-14 15:48:22,0f3c24833adc183e35730c0ccdf10f581d61f7951f6c777996d29b835ba1e90e,socialnetwork_app_post-storage-mongodb_1,0.00402986789202024,295362560.0,,,1167360.0,0.0,0.0,
TC-VM-07,cmembw100,2025-04-14,2025-04-14 15:48:27,0f3c24833adc183e35730c0ccdf10f581d61f7951f6c777996d29b835ba1e90e,socialnetwork_app_post-storage-mongodb_1,0.21993497109826443,299446272.0,,,1167360.0,1062507.225433526,98978.32369942198,
TC-VM-07,cmembw100,2025-04-14,2025-04-14 15:48:32,0f3c24833adc183e35730c0ccdf10f581d61f7951f6c777996d29b835ba1e90e,socialnetwork_app_post-storage-mongodb_1,0.23065289785462909,308256768.0,,,1167360.0,1080474.543707973,100818.44380403457,
TC-VM-07,cmembw100,2025-04-14,2025-04-14 15:48:37,0f3c24833adc183e35730c0ccdf10f581d61f7951f6c777996d29b835ba1e90e,socialnetwork_app_post-storage-mongodb_1,0.2190961070559567,316055552.0,,,1167360.0,1047184.3065693431,97335.76642335767,
TC-VM-07,cmembw100,2025-04-14,2025-04-14 15:48:42,0f3c24833adc183e35730c0ccdf10f581d61f7951f6c777996d29b835ba1e90e,socialnetwork_app_post-storage-mongodb_1,0.23180761523046092,330330112.0,,,1175552.0,1082291.5831663327,100441.38276553106,
TC-VM-07,cmembw100,2025-04-14,2025-04-14 15:48:47,0f3c24833adc183e35730c0ccdf10f581d61f7951f6c777996d29b835ba1e90e,socialnetwork_app_post-storage-mongodb_1,0.23100220102714,335323136.0,,,1175552.0,1077348.4959647835,100261.18855465885,
TC-VM-07,cmembw100,2025-04-14,2025-04-14 15:48:52,0f3c24833adc183e35730c0ccdf10f581d61f7951f6c777996d29b835ba1e90e,socialnetwork_app_post-storage-mongodb_1,0.20004459691251553,322961408.0,,,1175552.0,969441.3950829045,89674.09948542023,
TC-VM-07,cmembw100,2025-04-14,2025-04-14 15:48:57,0f3c24833adc183e35730c0ccdf10f581d61f7951f6c777996d29b835ba1e90e,socialnetwork_app_post-storage-mongodb_1,0.2027533333333409,322297856.0,,,1175552.0,963097.5,89177.5,
TC-VM-07,cmembw100,2025-04-14,2025-04-14 15:49:02,0f3c24833adc183e35730c0ccdf10f581d61f7951f6c777996d29b835ba1e90e,socialnetwork_app_post-storage-mongodb_1,0.207533139111444,320442368.0,,,1175552.0,997354.6977421704,93085.21485797524,
TC-VM-07,cmembw100,2025-04-14,2025-04-14 15:49:07,0f3c24833adc183e35730c0ccdf10f581d61f7951f6c777996d29b835ba1e90e,socialnetwork_app_post-storage-mongodb_1,0.21493134822166673,325001216.0,,,1175552.0,1036466.5012406948,96411.91066997519,
TC-VM-07,cmembw100,2025-04-14,2025-04-14 15:49:12,0f3c24833adc183e35730c0ccdf10f581d61f7951f6c777996d29b835ba1e90e,socialnetwork_app_post-storage-mongodb_1,0.22203292446740014,323448832.0,,,1175552.0,1046881.8592640414,96805.6810845707,
TC-VM-07,cmembw100,2025-04-14,2025-04-14 15:49:17,0f3c24833adc183e35730c0ccdf10f581d61f7951f6c777996d29b835ba1e90e,socialnetwork_app_post-storage-mongodb_1,0.2239893048128367,324980736.0,,,1175552.0,1051939.3939393938,97780.7486631016,
TC-VM-07,cmembw100,2025-04-14,2025-04-14 15:49:22,0f3c24833adc183e35730c0ccdf10f581d61f7951f6c777996d29b835ba1e90e,socialnetwork_app_post-storage-mongodb_1,0.22054777070062975,321617920.0,,,1175552.0,1039893.5395814377,96120.10919017288,
TC-VM-07,cmembw100,2025-04-14,2025-04-14 15:48:12,16ca4b7fe7d911364fc3031c9ce55931cdf62144268d6435cd4a7645b1149d5c,socialnetwork_app_post-storage-service_1,0.0,4775936.0,,,176128.0,0.0,0.0,
TC-VM-07,cmembw100,2025-04-14,2025-04-14 15:48:17,16ca4b7fe7d911364fc3031c9ce55931cdf62144268d6435cd4a7645b1149d5c,socialnetwork_app_post-storage-service_1,,4780032.0,,,176128.0,,,
TC-VM-07,cmembw100,2025-04-14,2025-04-14 15:48:22,16ca4b7fe7d911364fc3031c9ce55931cdf62144268d6435cd4a7645b1149d5c,socialnetwork_app_post-storage-service_1,,4775936.0,,,176128.0,,,
TC-VM-07,cmembw100,2025-04-14,2025-04-14 15:48:27,16ca4b7fe7d911364fc3031c9ce55931cdf62144268d6435cd4a7645b1149d5c,socialnetwork_app_post-storage-service_1,0.17023529411764546,4755456.0,,,176128.0,934098.6425339367,1135569.2307692308,
TC-VM-07,cmembw100,2025-04-14,2025-04-14 15:48:32,16ca4b7fe7d911364fc3031c9ce55931cdf62144268d6435cd4a7645b1149d5c,socialnetwork_app_post-storage-service_1,0.17294006968641168,4825088.0,,,176128.0,922663.4146341463,1166566.550522648,
TC-VM-07,cmembw100,2025-04-14,2025-04-14 15:48:37,16ca4b7fe7d911364fc3031c9ce55931cdf62144268d6435cd4a7645b1149d5c,socialnetwork_app_post-storage-service_1,0.17416362407031907,7307264.0,,,176128.0,953228.5327924272,1160540.9060175794,
TC-VM-07,cmembw100,2025-04-14,2025-04-14 15:48:42,16ca4b7fe7d911364fc3031c9ce55931cdf62144268d6435cd4a7645b1149d5c,socialnetwork_app_post-storage-service_1,0.17209336686576582,5947392.0,,,176128.0,963445.1430367809,1173694.7500785915,
TC-VM-07,cmembw100,2025-04-14,2025-04-14 15:48:47,16ca4b7fe7d911364fc3031c9ce55931cdf62144268d6435cd4a7645b1149d5c,socialnetwork_app_post-storage-service_1,0.17709376273950297,6238208.0,,,176128.0,936593.9665715451,1166827.965756217,
TC-VM-07,cmembw100,2025-04-14,2025-04-14 15:48:52,16ca4b7fe7d911364fc3031c9ce55931cdf62144268d6435cd4a7645b1149d5c,socialnetwork_app_post-storage-service_1,0.15581900452488714,5865472.0,,,176128.0,855514.3288084464,1089798.6425339365,
TC-VM-07,cmembw100,2025-04-14,2025-04-14 15:48:57,16ca4b7fe7d911364fc3031c9ce55931cdf62144268d6435cd4a7645b1149d5c,socialnetwork_app_post-storage-service_1,0.1600516817063163,5541888.0,,,176128.0,880525.8408531583,1123166.5299425758,
TC-VM-07,cmembw100,2025-04-14,2025-04-14 15:49:02,16ca4b7fe7d911364fc3031c9ce55931cdf62144268d6435cd4a7645b1149d5c,socialnetwork_app_post-storage-service_1,0.15863066202090548,5386240.0,,,176128.0,843790.243902439,1074737.9790940767,
TC-VM-07,cmembw100,2025-04-14,2025-04-14 15:49:07,16ca4b7fe7d911364fc3031c9ce55931cdf62144268d6435cd4a7645b1149d5c,socialnetwork_app_post-storage-service_1,0.16027573794096378,5492736.0,,,176128.0,859033.117350612,1088653.7077033836,
TC-VM-07,cmembw100,2025-04-14,2025-04-14 15:49:12,16ca4b7fe7d911364fc3031c9ce55931cdf62144268d6435cd4a7645b1149d5c,socialnetwork_app_post-storage-service_1,0.1750082009226036,5443584.0,,,176128.0,934984.6232701179,1170495.130702204,
TC-VM-07,cmembw100,2025-04-14,2025-04-14 15:49:17,16ca4b7fe7d911364fc3031c9ce55931cdf62144268d6435cd4a7645b1149d5c,socialnetwork_app_post-storage-service_1,0.17673809523809447,5390336.0,,,176128.0,951571.0506424792,1183439.1534391535,
TC-VM-07,cmembw100,2025-04-14,2025-04-14 15:49:22,16ca4b7fe7d911364fc3031c9ce55931cdf62144268d6435cd4a7645b1149d5c,socialnetwork_app_post-storage-service_1,0.17545623069001015,5447680.0,,,176128.0,940781.6683831102,1178374.3563336767,
TC-VM-07,cmembw100,2025-04-14,2025-04-14 15:48:12,1dfab356a7106c9e4a5264f9dbd76cd89c13feb859c0b09e67e2083531310c46,socialnetwork_app_media-service_1,,11231232.0,,,106496.0,,,
TC-VM-07,cmembw100,2025-04-14,2025-04-14 15:48:17,1dfab356a7106c9e4a5264f9dbd76cd89c13feb859c0b09e67e2083531310c46,socialnetwork_app_media-service_1,,11231232.0,,,106496.0,,,
TC-VM-07,cmembw100,2025-04-14,2025-04-14 15:48:22,1dfab356a7106c9e4a5264f9dbd76cd89c13feb859c0b09e67e2083531310c46,socialnetwork_app_media-service_1,,11231232.0,,,106496.0,,,
TC-VM-07,cmembw100,2025-04-14,2025-04-14 15:48:27,1dfab356a7106c9e4a5264f9dbd76cd89c13feb859c0b09e67e2083531310c46,socialnetwork_app_media-service_1,0.0729559659090909,11304960.0,,,106496.0,165015.625,112096.59090909091,
TC-VM-07,cmembw100,2025-04-14,2025-04-14 15:48:32,1dfab356a7106c9e4a5264f9dbd76cd89c13feb859c0b09e67e2083531310c46,socialnetwork_app_media-service_1,0.0732268786127164,11370496.0,,,106496.0,160915.4624277457,109616.3294797688,
TC-VM-07,cmembw100,2025-04-14,2025-04-14 15:48:37,1dfab356a7106c9e4a5264f9dbd76cd89c13feb859c0b09e67e2083531310c46,socialnetwork_app_media-service_1,0.07523730814639952,11329536.0,,,106496.0,173658.20543093272,137140.20070838253,
TC-VM-07,cmembw100,2025-04-14,2025-04-14 15:48:42,1dfab356a7106c9e4a5264f9dbd76cd89c13feb859c0b09e67e2083531310c46,socialnetwork_app_media-service_1,0.07153887113951081,11227136.0,,,106496.0,162355.69755058573,109609.15867944622,
TC-VM-07,cmembw100,2025-04-14,2025-04-14 15:48:47,1dfab356a7106c9e4a5264f9dbd76cd89c13feb859c0b09e67e2083531310c46,socialnetwork_app_media-service_1,0.07424403183023828,11157504.0,,,106496.0,166643.42553997727,112730.57976506253,
TC-VM-07,cmembw100,2025-04-14,2025-04-14 15:48:52,1dfab356a7106c9e4a5264f9dbd76cd89c13feb859c0b09e67e2083531310c46,socialnetwork_app_media-service_1,0.06567017543859685,10858496.0,,,106496.0,149043.27485380118,101493.567251462,
TC-VM-07,cmembw100,2025-04-14,2025-04-14 15:48:57,1dfab356a7106c9e4a5264f9dbd76cd89c13feb859c0b09e67e2083531310c46,socialnetwork_app_media-service_1,0.06691834862385333,10915840.0,,,106496.0,149559.6330275229,101576.14678899082,
TC-VM-07,cmembw100,2025-04-14,2025-04-14 15:49:02,1dfab356a7106c9e4a5264f9dbd76cd89c13feb859c0b09e67e2083531310c46,socialnetwork_app_media-service_1,0.06427832031249969,10760192.0,,,106496.0,146121.09375,99875.9765625,
TC-VM-07,cmembw100,2025-04-14,2025-04-14 15:49:07,1dfab356a7106c9e4a5264f9dbd76cd89c13feb859c0b09e67e2083531310c46,socialnetwork_app_media-service_1,0.0722801302931601,10825728.0,,,106496.0,163825.19001085777,111226.38436482084,
TC-VM-07,cmembw100,2025-04-14,2025-04-14 15:49:12,1dfab356a7106c9e4a5264f9dbd76cd89c13feb859c0b09e67e2083531310c46,socialnetwork_app_media-service_1,0.07469193806727109,10760192.0,,,106496.0,161457.02082221035,144694.6075814202,
TC-VM-07,cmembw100,2025-04-14,2025-04-14 15:49:17,1dfab356a7106c9e4a5264f9dbd76cd89c13feb859c0b09e67e2083531310c46,socialnetwork_app_media-service_1,0.07465763149403065,10735616.0,,,106496.0,168295.90190383993,135702.16198773799,
TC-VM-07,cmembw100,2025-04-14,2025-04-14 15:49:22,1dfab356a7106c9e4a5264f9dbd76cd89c13feb859c0b09e67e2083531310c46,socialnetwork_app_media-service_1,0.07237291280148436,10530816.0,,,106496.0,162455.1638837353,110611.62646876933,
TC-VM-07,cmembw100,2025-04-14,2025-04-14 15:48:12,2631a562b09df48e6698476cf16b33371f7c7590a0ef6bc9f66024c13c668e16,socialnetwork_app_jaeger-agent_1,0.00026084223758631814,39034880.0,,,131072.0,0.0,0.0,
TC-VM-07,cmembw100,2025-04-14,2025-04-14 15:48:17,2631a562b09df48e6698476cf16b33371f7c7590a0ef6bc9f66024c13c668e16,socialnetwork_app_jaeger-agent_1,0.0003138832997988833,39034880.0,,,131072.0,0.0,0.0,
TC-VM-07,cmembw100,2025-04-14,2025-04-14 15:48:22,2631a562b09df48e6698476cf16b33371f7c7590a0ef6bc9f66024c13c668e16,socialnetwork_app_jaeger-agent_1,0.0001858147713952783,39034880.0,,,131072.0,0.0,0.0,
TC-VM-07,cmembw100,2025-04-14,2025-04-14 15:48:27,2631a562b09df48e6698476cf16b33371f7c7590a0ef6bc9f66024c13c668e16,socialnetwork_app_jaeger-agent_1,0.0001240157480313469,39034880.0,,,131072.0,478715.22309711284,4258.5301837270345,
TC-VM-07,cmembw100,2025-04-14,2025-04-14 15:48:32,2631a562b09df48e6698476cf16b33371f7c7590a0ef6bc9f66024c13c668e16,socialnetwork_app_jaeger-agent_1,0.0003539170506911889,39034880.0,,,131072.0,489100.4608294931,4659.907834101383,
TC-VM-07,cmembw100,2025-04-14,2025-04-14 15:48:37,2631a562b09df48e6698476cf16b33371f7c7590a0ef6bc9f66024c13c668e16,socialnetwork_app_jaeger-agent_1,0.00010799522673030235,39034880.0,,,131072.0,316653.93794749404,2464.200477326969,
TC-VM-07,cmembw100,2025-04-14,2025-04-14 15:48:42,2631a562b09df48e6698476cf16b33371f7c7590a0ef6bc9f66024c13c668e16,socialnetwork_app_jaeger-agent_1,9.475332811279386e-05,38592512.0,,,131072.0,363631.1667971809,2772.1221613155835,
TC-VM-07,cmembw100,2025-04-14,2025-04-14 15:48:47,2631a562b09df48e6698476cf16b33371f7c7590a0ef6bc9f66024c13c668e16,socialnetwork_app_jaeger-agent_1,8.480565371017524e-05,38592512.0,,,131072.0,564260.777385159,4169.611307420495,
TC-VM-07,cmembw100,2025-04-14,2025-04-14 15:48:52,2631a562b09df48e6698476cf16b33371f7c7590a0ef6bc9f66024c13c668e16,socialnetwork_app_jaeger-agent_1,0.0004296357615891673,36524032.0,,,131072.0,274306.2913907285,2442.0529801324506,
TC-VM-07,cmembw100,2025-04-14,2025-04-14 15:48:57,2631a562b09df48e6698476cf16b33371f7c7590a0ef6bc9f66024c13c668e16,socialnetwork_app_jaeger-agent_1,0.0002650082918738879,35737600.0,,,131072.0,434535.32338308456,3522.3880597014922,
TC-VM-07,cmembw100,2025-04-14,2025-04-14 15:49:02,2631a562b09df48e6698476cf16b33371f7c7590a0ef6bc9f66024c13c668e16,socialnetwork_app_jaeger-agent_1,0.0002139945652174356,35213312.0,,,131072.0,360423.9130434783,2433.4239130434785,
TC-VM-07,cmembw100,2025-04-14,2025-04-14 15:49:07,2631a562b09df48e6698476cf16b33371f7c7590a0ef6bc9f66024c13c668e16,socialnetwork_app_jaeger-agent_1,,35213312.0,,,131072.0,,,
TC-VM-07,cmembw100,2025-04-14,2025-04-14 15:49:12,2631a562b09df48e6698476cf16b33371f7c7590a0ef6bc9f66024c13c668e16,socialnetwork_app_jaeger-agent_1,0.000262653169952092,34689024.0,,,131072.0,459075.1198721364,2828.98241875333,
TC-VM-07,cmembw100,2025-04-14,2025-04-14 15:49:17,2631a562b09df48e6698476cf16b33371f7c7590a0ef6bc9f66024c13c668e16,socialnetwork_app_jaeger-agent_1,0.00016810344827591055,33644544.0,,,131072.0,536184.8060344828,3973.060344827586,
TC-VM-07,cmembw100,2025-04-14,2025-04-14 15:49:22,2631a562b09df48e6698476cf16b33371f7c7590a0ef6bc9f66024c13c668e16,socialnetwork_app_jaeger-agent_1,0.00028945868945866267,33120256.0,,,131072.0,491162.3931623932,3698.0056980056984,
TC-VM-07,cmembw100,2025-04-14,2025-04-14 15:48:12,3272857b5e69b8c780d8e053c675498c27effd7368258fe265cb468fe20dd240,socialnetwork_app_text-service_1,0.0,7426048.0,,,221184.0,0.0,0.0,
TC-VM-07,cmembw100,2025-04-14,2025-04-14 15:48:17,3272857b5e69b8c780d8e053c675498c27effd7368258fe265cb468fe20dd240,socialnetwork_app_text-service_1,,7426048.0,,,221184.0,,,
TC-VM-07,cmembw100,2025-04-14,2025-04-14 15:48:22,3272857b5e69b8c780d8e053c675498c27effd7368258fe265cb468fe20dd240,socialnetwork_app_text-service_1,,7426048.0,,,221184.0,,,
TC-VM-07,cmembw100,2025-04-14,2025-04-14 15:48:27,3272857b5e69b8c780d8e053c675498c27effd7368258fe265cb468fe20dd240,socialnetwork_app_text-service_1,,7426048.0,,,221184.0,,,
TC-VM-07,cmembw100,2025-04-14,2025-04-14 15:48:32,3272857b5e69b8c780d8e053c675498c27effd7368258fe265cb468fe20dd240,socialnetwork_app_text-service_1,,6615040.0,,,221184.0,,,
TC-VM-07,cmembw100,2025-04-14,2025-04-14 15:48:37,3272857b5e69b8c780d8e053c675498c27effd7368258fe265cb468fe20dd240,socialnetwork_app_text-service_1,0.5103403590944561,6041600.0,,,221184.0,1001620.6088992975,1238734.5823575333,
TC-VM-07,cmembw100,2025-04-14,2025-04-14 15:48:42,3272857b5e69b8c780d8e053c675498c27effd7368258fe265cb468fe20dd240,socialnetwork_app_text-service_1,0.49903582652420153,5160960.0,,,221184.0,970597.7372721559,1194715.2734129478,
TC-VM-07,cmembw100,2025-04-14,2025-04-14 15:48:47,3272857b5e69b8c780d8e053c675498c27effd7368258fe265cb468fe20dd240,socialnetwork_app_text-service_1,0.49453957703928,5357568.0,,,221184.0,938027.7945619335,1156476.1329305135,
TC-VM-07,cmembw100,2025-04-14,2025-04-14 15:48:52,3272857b5e69b8c780d8e053c675498c27effd7368258fe265cb468fe20dd240,socialnetwork_app_text-service_1,0.4547470023980872,6578176.0,,,221184.0,925270.9832134293,1094155.2757793765,
TC-VM-07,cmembw100,2025-04-14,2025-04-14 15:48:57,3272857b5e69b8c780d8e053c675498c27effd7368258fe265cb468fe20dd240,socialnetwork_app_text-service_1,0.4543106617646988,6451200.0,,,221184.0,869329.044117647,1079876.838235294,
TC-VM-07,cmembw100,2025-04-14,2025-04-14 15:49:02,3272857b5e69b8c780d8e053c675498c27effd7368258fe265cb468fe20dd240,socialnetwork_app_text-service_1,0.4694573278399039,5423104.0,,,221184.0,896266.0388463802,1104613.301942319,
TC-VM-07,cmembw100,2025-04-14,2025-04-14 15:49:07,3272857b5e69b8c780d8e053c675498c27effd7368258fe265cb468fe20dd240,socialnetwork_app_text-service_1,0.4978785714285751,5902336.0,,,221184.0,965129.7619047619,1183788.6904761905,
TC-VM-07,cmembw100,2025-04-14,2025-04-14 15:49:12,3272857b5e69b8c780d8e053c675498c27effd7368258fe265cb468fe20dd240,socialnetwork_app_text-service_1,0.5160318396226435,6438912.0,,,221184.0,979509.4339622642,1198359.0801886793,
TC-VM-07,cmembw100,2025-04-14,2025-04-14 15:49:17,3272857b5e69b8c780d8e053c675498c27effd7368258fe265cb468fe20dd240,socialnetwork_app_text-service_1,0.4898896899783644,6090752.0,,,221184.0,938981.2545061284,1163237.9235760635,
TC-VM-07,cmembw100,2025-04-14,2025-04-14 15:49:22,3272857b5e69b8c780d8e053c675498c27effd7368258fe265cb468fe20dd240,socialnetwork_app_text-service_1,0.5109758953168093,5820416.0,,,221184.0,981345.0413223141,1208988.9807162534,
TC-VM-07,cmembw100,2025-04-14,2025-04-14 15:48:12,3503bec99d50aedda4a1907a5592c1cf74b00bd47f941741b8bcfcc38f85b572,socialnetwork_app_url-shorten-mongodb_1,0.0029141914191398513,413339648.0,,,1163264.0,0.0,0.0,
TC-VM-07,cmembw100,2025-04-14,2025-04-14 15:48:17,3503bec99d50aedda4a1907a5592c1cf74b00bd47f941741b8bcfcc38f85b572,socialnetwork_app_url-shorten-mongodb_1,0.003081765557166915,413601792.0,,,1163264.0,0.0,0.0,
TC-VM-07,cmembw100,2025-04-14,2025-04-14 15:48:22,3503bec99d50aedda4a1907a5592c1cf74b00bd47f941741b8bcfcc38f85b572,socialnetwork_app_url-shorten-mongodb_1,0.002250306748460403,413601792.0,,,1163264.0,0.0,0.0,
TC-VM-07,cmembw100,2025-04-14,2025-04-14 15:48:27,3503bec99d50aedda4a1907a5592c1cf74b00bd47f941741b8bcfcc38f85b572,socialnetwork_app_url-shorten-mongodb_1,0.3838066104078741,424816640.0,,,1163264.0,501334.03656821384,73334.03656821379,
TC-VM-07,cmembw100,2025-04-14,2025-04-14 15:48:32,3503bec99d50aedda4a1907a5592c1cf74b00bd47f941741b8bcfcc38f85b572,socialnetwork_app_url-shorten-mongodb_1,0.3020852664576791,448151552.0,,,1163264.0,503791.22257053293,73976.802507837,
TC-VM-07,cmembw100,2025-04-14,2025-04-14 15:48:37,3503bec99d50aedda4a1907a5592c1cf74b00bd47f941741b8bcfcc38f85b572,socialnetwork_app_url-shorten-mongodb_1,0.2885330250990794,450220032.0,,,1163264.0,498016.51254953764,72983.48745046234,
TC-VM-07,cmembw100,2025-04-14,2025-04-14 15:48:42,3503bec99d50aedda4a1907a5592c1cf74b00bd47f941741b8bcfcc38f85b572,socialnetwork_app_url-shorten-mongodb_1,0.31097098214285945,449052672.0,,,1163264.0,502120.5357142857,74495.53571428571,
TC-VM-07,cmembw100,2025-04-14,2025-04-14 15:48:47,3503bec99d50aedda4a1907a5592c1cf74b00bd47f941741b8bcfcc38f85b572,socialnetwork_app_url-shorten-mongodb_1,0.34384756416971834,480649216.0,,,1163264.0,487516.5007857517,71867.99371398638,
TC-VM-07,cmembw100,2025-04-14,2025-04-14 15:48:52,3503bec99d50aedda4a1907a5592c1cf74b00bd47f941741b8bcfcc38f85b572,socialnetwork_app_url-shorten-mongodb_1,0.3404914211718999,461148160.0,,,1163264.0,460530.5924247329,67304.30560051797,
TC-VM-07,cmembw100,2025-04-14,2025-04-14 15:48:57,3503bec99d50aedda4a1907a5592c1cf74b00bd47f941741b8bcfcc38f85b572,socialnetwork_app_url-shorten-mongodb_1,0.2706059654631081,460210176.0,,,1163264.0,457780.2197802198,68481.94662480376,
TC-VM-07,cmembw100,2025-04-14,2025-04-14 15:49:02,3503bec99d50aedda4a1907a5592c1cf74b00bd47f941741b8bcfcc38f85b572,socialnetwork_app_url-shorten-mongodb_1,0.2771607963246548,458805248.0,,,1163264.0,480811.6385911179,69353.75191424196,
TC-VM-07,cmembw100,2025-04-14,2025-04-14 15:49:07,3503bec99d50aedda4a1907a5592c1cf74b00bd47f941741b8bcfcc38f85b572,socialnetwork_app_url-shorten-mongodb_1,0.3016310226919502,467234816.0,,,1163264.0,468627.60335716506,69698.47684177806,
TC-VM-07,cmembw100,2025-04-14,2025-04-14 15:49:12,3503bec99d50aedda4a1907a5592c1cf74b00bd47f941741b8bcfcc38f85b572,socialnetwork_app_url-shorten-mongodb_1,0.3458223495701996,465850368.0,,,1163264.0,484280.8022922636,71179.94269340974,
TC-VM-07,cmembw100,2025-04-14,2025-04-14 15:49:17,3503bec99d50aedda4a1907a5592c1cf74b00bd47f941741b8bcfcc38f85b572,socialnetwork_app_url-shorten-mongodb_1,0.36373509485094846,466395136.0,,,1163264.0,491313.0081300813,70390.24390243902,
TC-VM-07,cmembw100,2025-04-14,2025-04-14 15:49:22,3503bec99d50aedda4a1907a5592c1cf74b00bd47f941741b8bcfcc38f85b572,socialnetwork_app_url-shorten-mongodb_1,0.39674646354734067,461488128.0,,,1163264.0,496436.34385201306,72409.68443960826,
TC-VM-07,cmembw100,2025-04-14,2025-04-14 15:48:12,3e3507058b4993727ce160029daab76a686f6804bcbe2566bc4b236691f5181b,socialnetwork_app_media-memcached_1,0.00019259585720582666,3751936.0,,,40960.0,0.0,0.0,
TC-VM-07,cmembw100,2025-04-14,2025-04-14 15:48:17,3e3507058b4993727ce160029daab76a686f6804bcbe2566bc4b236691f5181b,socialnetwork_app_media-memcached_1,0.00013976210705183675,3751936.0,,,40960.0,0.0,0.0,
TC-VM-07,cmembw100,2025-04-14,2025-04-14 15:48:22,3e3507058b4993727ce160029daab76a686f6804bcbe2566bc4b236691f5181b,socialnetwork_app_media-memcached_1,0.00013260530421211348,3751936.0,,,40960.0,0.0,0.0,
TC-VM-07,cmembw100,2025-04-14,2025-04-14 15:48:27,3e3507058b4993727ce160029daab76a686f6804bcbe2566bc4b236691f5181b,socialnetwork_app_media-memcached_1,0.00012956335003578147,3751936.0,,,40960.0,0.0,0.0,
TC-VM-07,cmembw100,2025-04-14,2025-04-14 15:48:32,3e3507058b4993727ce160029daab76a686f6804bcbe2566bc4b236691f5181b,socialnetwork_app_media-memcached_1,0.0002277061132921517,3751936.0,,,40960.0,0.0,0.0,
TC-VM-07,cmembw100,2025-04-14,2025-04-14 15:48:37,3e3507058b4993727ce160029daab76a686f6804bcbe2566bc4b236691f5181b,socialnetwork_app_media-memcached_1,0.00014599824098495028,3751936.0,,,40960.0,0.0,0.0,
TC-VM-07,cmembw100,2025-04-14,2025-04-14 15:48:42,3e3507058b4993727ce160029daab76a686f6804bcbe2566bc4b236691f5181b,socialnetwork_app_media-memcached_1,0.0001389252948885183,3665920.0,,,40960.0,0.0,0.0,
TC-VM-07,cmembw100,2025-04-14,2025-04-14 15:48:47,3e3507058b4993727ce160029daab76a686f6804bcbe2566bc4b236691f5181b,socialnetwork_app_media-memcached_1,0.00013609467455627874,3665920.0,,,40960.0,0.0,0.0,
TC-VM-07,cmembw100,2025-04-14,2025-04-14 15:48:52,3e3507058b4993727ce160029daab76a686f6804bcbe2566bc4b236691f5181b,socialnetwork_app_media-memcached_1,8.652482269516137e-05,3293184.0,,,40960.0,0.0,0.0,
TC-VM-07,cmembw100,2025-04-14,2025-04-14 15:48:57,3e3507058b4993727ce160029daab76a686f6804bcbe2566bc4b236691f5181b,socialnetwork_app_media-memcached_1,0.00015151515151509278,3227648.0,,,40960.0,0.0,0.0,
TC-VM-07,cmembw100,2025-04-14,2025-04-14 15:49:02,3e3507058b4993727ce160029daab76a686f6804bcbe2566bc4b236691f5181b,socialnetwork_app_media-memcached_1,0.00016655076495128519,3227648.0,,,40960.0,0.0,0.0,
TC-VM-07,cmembw100,2025-04-14,2025-04-14 15:49:07,3e3507058b4993727ce160029daab76a686f6804bcbe2566bc4b236691f5181b,socialnetwork_app_media-memcached_1,0.00013234486545862589,3227648.0,,,40960.0,0.0,0.0,
TC-VM-07,cmembw100,2025-04-14,2025-04-14 15:49:12,3e3507058b4993727ce160029daab76a686f6804bcbe2566bc4b236691f5181b,socialnetwork_app_media-memcached_1,0.00018227168073676255,2977792.0,,,40960.0,0.0,0.0,
TC-VM-07,cmembw100,2025-04-14,2025-04-14 15:49:17,3e3507058b4993727ce160029daab76a686f6804bcbe2566bc4b236691f5181b,socialnetwork_app_media-memcached_1,0.0001167138810197895,2977792.0,,,40960.0,0.0,0.0,
TC-VM-07,cmembw100,2025-04-14,2025-04-14 15:49:22,3e3507058b4993727ce160029daab76a686f6804bcbe2566bc4b236691f5181b,socialnetwork_app_media-memcached_1,0.00014147157190630105,2977792.0,,,40960.0,0.0,0.0,
TC-VM-07,cmembw100,2025-04-14,2025-04-14 15:48:12,3e4a96e7af92c34556ee2deb93e1ef56b0c629f2be562fb80de99a5fa3722e8e,socialnetwork_app_user-timeline-mongodb_1,0.00519337647506732,333414400.0,,,1183744.0,0.0,0.0,
TC-VM-07,cmembw100,2025-04-14,2025-04-14 15:48:17,3e4a96e7af92c34556ee2deb93e1ef56b0c629f2be562fb80de99a5fa3722e8e,socialnetwork_app_user-timeline-mongodb_1,0.003635277582571473,333152256.0,,,1183744.0,66.76036542515811,135.27758257203092,
TC-VM-07,cmembw100,2025-04-14,2025-04-14 15:48:22,3e4a96e7af92c34556ee2deb93e1ef56b0c629f2be562fb80de99a5fa3722e8e,socialnetwork_app_user-timeline-mongodb_1,0.003054479418890564,333357056.0,,,1183744.0,0.0,0.0,
TC-VM-07,cmembw100,2025-04-14,2025-04-14 15:48:27,3e4a96e7af92c34556ee2deb93e1ef56b0c629f2be562fb80de99a5fa3722e8e,socialnetwork_app_user-timeline-mongodb_1,0.637615767045463,366018560.0,,,1183744.0,265813.92045454547,24769163.35227273,
TC-VM-07,cmembw100,2025-04-14,2025-04-14 15:48:32,3e4a96e7af92c34556ee2deb93e1ef56b0c629f2be562fb80de99a5fa3722e8e,socialnetwork_app_user-timeline-mongodb_1,0.6559775193798479,403103744.0,,,1183744.0,269127.9069767442,25083425.96899225,
TC-VM-07,cmembw100,2025-04-14,2025-04-14 15:48:37,3e4a96e7af92c34556ee2deb93e1ef56b0c629f2be562fb80de99a5fa3722e8e,socialnetwork_app_user-timeline-mongodb_1,0.6340486223662867,450355200.0,,,1183744.0,258914.10048622367,24241118.314424634,
TC-VM-07,cmembw100,2025-04-14,2025-04-14 15:48:42,3e4a96e7af92c34556ee2deb93e1ef56b0c629f2be562fb80de99a5fa3722e8e,socialnetwork_app_user-timeline-mongodb_1,0.6712927350427358,286797824.0,,,1183744.0,265794.8717948718,25058042.37891738,
TC-VM-07,cmembw100,2025-04-14,2025-04-14 15:48:47,3e4a96e7af92c34556ee2deb93e1ef56b0c629f2be562fb80de99a5fa3722e8e,socialnetwork_app_user-timeline-mongodb_1,0.6316920684292333,330199040.0,,,1183744.0,254304.82115085536,24141482.115085535,
TC-VM-07,cmembw100,2025-04-14,2025-04-14 15:48:52,3e4a96e7af92c34556ee2deb93e1ef56b0c629f2be562fb80de99a5fa3722e8e,socialnetwork_app_user-timeline-mongodb_1,0.5811363636363748,347480064.0,,,1183744.0,240717.00879765395,22756558.65102639,
TC-VM-07,cmembw100,2025-04-14,2025-04-14 15:48:57,3e4a96e7af92c34556ee2deb93e1ef56b0c629f2be562fb80de99a5fa3722e8e,socialnetwork_app_user-timeline-mongodb_1,0.6075225974026072,388804608.0,,,1183744.0,252180.77922077922,24006415.064935066,
TC-VM-07,cmembw100,2025-04-14,2025-04-14 15:49:02,3e4a96e7af92c34556ee2deb93e1ef56b0c629f2be562fb80de99a5fa3722e8e,socialnetwork_app_user-timeline-mongodb_1,0.6147736379613364,419983360.0,,,1183744.0,252413.35676625656,24131544.11247803,
TC-VM-07,cmembw100,2025-04-14,2025-04-14 15:49:07,3e4a96e7af92c34556ee2deb93e1ef56b0c629f2be562fb80de99a5fa3722e8e,socialnetwork_app_user-timeline-mongodb_1,0.6257124999999941,457818112.0,,,1183744.0,261110.29411764705,25094178.676470585,
TC-VM-07,cmembw100,2025-04-14,2025-04-14 15:49:12,3e4a96e7af92c34556ee2deb93e1ef56b0c629f2be562fb80de99a5fa3722e8e,socialnetwork_app_user-timeline-mongodb_1,0.6454724983432744,491548672.0,,,1183744.0,256954.27435387677,24792115.308151096,
TC-VM-07,cmembw100,2025-04-14,2025-04-14 15:49:17,3e4a96e7af92c34556ee2deb93e1ef56b0c629f2be562fb80de99a5fa3722e8e,socialnetwork_app_user-timeline-mongodb_1,0.649680159920033,530739200.0,,,1183744.0,262619.69015492254,25417623.188405797,
TC-VM-07,cmembw100,2025-04-14,2025-04-14 15:49:22,3e4a96e7af92c34556ee2deb93e1ef56b0c629f2be562fb80de99a5fa3722e8e,socialnetwork_app_user-timeline-mongodb_1,0.6462524271844624,560640000.0,,,1183744.0,264135.9223300971,25704970.226537216,
TC-VM-07,cmembw100,2025-04-14,2025-04-14 15:48:12,622c9039f995db658e2082d66da19b4fee4f9c59d84fd79ef7d7b591a5bc1d93,socialnetwork_app_social-graph-redis_1,0.004518415178571068,19107840.0,,,69632.0,0.0,0.0,
TC-VM-07,cmembw100,2025-04-14,2025-04-14 15:48:17,622c9039f995db658e2082d66da19b4fee4f9c59d84fd79ef7d7b591a5bc1d93,socialnetwork_app_social-graph-redis_1,0.004413416536658996,19369984.0,,,69632.0,0.0,0.0,
TC-VM-07,cmembw100,2025-04-14,2025-04-14 15:48:22,622c9039f995db658e2082d66da19b4fee4f9c59d84fd79ef7d7b591a5bc1d93,socialnetwork_app_social-graph-redis_1,0.0032627118644023233,19369984.0,,,69632.0,0.0,0.0,
TC-VM-07,cmembw100,2025-04-14,2025-04-14 15:48:27,622c9039f995db658e2082d66da19b4fee4f9c59d84fd79ef7d7b591a5bc1d93,socialnetwork_app_social-graph-redis_1,0.050506903353058824,19177472.0,,,69632.0,78840.89414858646,279827.744904668,
TC-VM-07,cmembw100,2025-04-14,2025-04-14 15:48:32,622c9039f995db658e2082d66da19b4fee4f9c59d84fd79ef7d7b591a5bc1d93,socialnetwork_app_social-graph-redis_1,0.05120486935867161,19173376.0,,,69632.0,77440.02375296912,276604.513064133,
TC-VM-07,cmembw100,2025-04-14,2025-04-14 15:48:37,622c9039f995db658e2082d66da19b4fee4f9c59d84fd79ef7d7b591a5bc1d93,socialnetwork_app_social-graph-redis_1,0.05037668161435228,19177472.0,,,69632.0,76247.3841554559,279664.4245142003,
TC-VM-07,cmembw100,2025-04-14,2025-04-14 15:48:42,622c9039f995db658e2082d66da19b4fee4f9c59d84fd79ef7d7b591a5bc1d93,socialnetwork_app_social-graph-redis_1,0.04998235985888139,19136512.0,,,69632.0,76745.19796158369,275461.3876911015,
TC-VM-07,cmembw100,2025-04-14,2025-04-14 15:48:47,622c9039f995db658e2082d66da19b4fee4f9c59d84fd79ef7d7b591a5bc1d93,socialnetwork_app_social-graph-redis_1,0.051010409437886706,19128320.0,,,69632.0,76761.27689104788,272935.4614850798,
TC-VM-07,cmembw100,2025-04-14,2025-04-14 15:48:52,622c9039f995db658e2082d66da19b4fee4f9c59d84fd79ef7d7b591a5bc1d93,socialnetwork_app_social-graph-redis_1,0.044640000000002025,18501632.0,,,69632.0,70357.44680851063,243943.82978723402,
TC-VM-07,cmembw100,2025-04-14,2025-04-14 15:48:57,622c9039f995db658e2082d66da19b4fee4f9c59d84fd79ef7d7b591a5bc1d93,socialnetwork_app_social-graph-redis_1,0.04483109919570801,18395136.0,,,69632.0,69246.64879356568,242572.8328865058,
TC-VM-07,cmembw100,2025-04-14,2025-04-14 15:49:02,622c9039f995db658e2082d66da19b4fee4f9c59d84fd79ef7d7b591a5bc1d93,socialnetwork_app_social-graph-redis_1,0.04826964969090198,18132992.0,,,69632.0,72705.6226081837,252619.95878716517,
TC-VM-07,cmembw100,2025-04-14,2025-04-14 15:49:07,622c9039f995db658e2082d66da19b4fee4f9c59d84fd79ef7d7b591a5bc1d93,socialnetwork_app_social-graph-redis_1,0.04881584158416012,18124800.0,,,69632.0,76254.12541254125,275321.45214521454,
TC-VM-07,cmembw100,2025-04-14,2025-04-14 15:49:12,622c9039f995db658e2082d66da19b4fee4f9c59d84fd79ef7d7b591a5bc1d93,socialnetwork_app_social-graph-redis_1,0.05057083825265692,17604608.0,,,69632.0,75335.3010625738,264744.98229043686,
TC-VM-07,cmembw100,2025-04-14,2025-04-14 15:49:17,622c9039f995db658e2082d66da19b4fee4f9c59d84fd79ef7d7b591a5bc1d93,socialnetwork_app_social-graph-redis_1,0.05312137975919192,17334272.0,,,69632.0,79532.05336804426,289620.566221933,
TC-VM-07,cmembw100,2025-04-14,2025-04-14 15:49:22,622c9039f995db658e2082d66da19b4fee4f9c59d84fd79ef7d7b591a5bc1d93,socialnetwork_app_social-graph-redis_1,0.0514567763524808,16814080.0,,,69632.0,77175.68321249304,268647.51812604576,
TC-VM-07,cmembw100,2025-04-14,2025-04-14 15:48:12,7028f4cde98319ad1ea9e0cb4a1a74873c1be011b233cba5e3a88653749a1256,socialnetwork_app_home-timeline-service_1,,9883648.0,,,233472.0,,,
TC-VM-07,cmembw100,2025-04-14,2025-04-14 15:48:17,7028f4cde98319ad1ea9e0cb4a1a74873c1be011b233cba5e3a88653749a1256,socialnetwork_app_home-timeline-service_1,,9883648.0,,,233472.0,,,
TC-VM-07,cmembw100,2025-04-14,2025-04-14 15:48:22,7028f4cde98319ad1ea9e0cb4a1a74873c1be011b233cba5e3a88653749a1256,socialnetwork_app_home-timeline-service_1,0.0,9883648.0,,,233472.0,0.0,0.0,
TC-VM-07,cmembw100,2025-04-14,2025-04-14 15:48:27,7028f4cde98319ad1ea9e0cb4a1a74873c1be011b233cba5e3a88653749a1256,socialnetwork_app_home-timeline-service_1,,10555392.0,,,233472.0,,,
TC-VM-07,cmembw100,2025-04-14,2025-04-14 15:48:32,7028f4cde98319ad1ea9e0cb4a1a74873c1be011b233cba5e3a88653749a1256,socialnetwork_app_home-timeline-service_1,0.26786874236874275,10772480.0,,,233472.0,675172.1611721612,2684598.290598291,
TC-VM-07,cmembw100,2025-04-14,2025-04-14 15:48:37,7028f4cde98319ad1ea9e0cb4a1a74873c1be011b233cba5e3a88653749a1256,socialnetwork_app_home-timeline-service_1,0.2746877611940293,10674176.0,,,233472.0,673762.9850746269,2756518.805970149,
TC-VM-07,cmembw100,2025-04-14,2025-04-14 15:48:42,7028f4cde98319ad1ea9e0cb4a1a74873c1be011b233cba5e3a88653749a1256,socialnetwork_app_home-timeline-service_1,0.25148471337579387,10244096.0,,,237568.0,661992.356687898,2635805.732484076,
TC-VM-07,cmembw100,2025-04-14,2025-04-14 15:48:47,7028f4cde98319ad1ea9e0cb4a1a74873c1be011b233cba5e3a88653749a1256,socialnetwork_app_home-timeline-service_1,,9883648.0,,,237568.0,,,
TC-VM-07,cmembw100,2025-04-14,2025-04-14 15:48:52,7028f4cde98319ad1ea9e0cb4a1a74873c1be011b233cba5e3a88653749a1256,socialnetwork_app_home-timeline-service_1,0.23811389385807774,13697024.0,,,237568.0,618821.7054263565,2480217.0542635657,
TC-VM-07,cmembw100,2025-04-14,2025-04-14 15:48:57,7028f4cde98319ad1ea9e0cb4a1a74873c1be011b233cba5e3a88653749a1256,socialnetwork_app_home-timeline-service_1,0.2506647157190662,12460032.0,,,237568.0,649055.1839464883,2609655.518394649,
TC-VM-07,cmembw100,2025-04-14,2025-04-14 15:49:02,7028f4cde98319ad1ea9e0cb4a1a74873c1be011b233cba5e3a88653749a1256,socialnetwork_app_home-timeline-service_1,0.24311409395972974,10235904.0,,,237568.0,614856.00976205,2444180.902989628,
TC-VM-07,cmembw100,2025-04-14,2025-04-14 15:49:07,7028f4cde98319ad1ea9e0cb4a1a74873c1be011b233cba5e3a88653749a1256,socialnetwork_app_home-timeline-service_1,0.24700256880733976,11206656.0,,,237568.0,644678.5321100918,2583385.321100917,
TC-VM-07,cmembw100,2025-04-14,2025-04-14 15:49:12,7028f4cde98319ad1ea9e0cb4a1a74873c1be011b233cba5e3a88653749a1256,socialnetwork_app_home-timeline-service_1,0.2570707482993182,10362880.0,,,237568.0,608936.7346938775,2509542.1768707484,
TC-VM-07,cmembw100,2025-04-14,2025-04-14 15:49:17,7028f4cde98319ad1ea9e0cb4a1a74873c1be011b233cba5e3a88653749a1256,socialnetwork_app_home-timeline-service_1,0.256219748305909,10420224.0,,,237568.0,608898.3543078413,2527520.8131655375,
TC-VM-07,cmembw100,2025-04-14,2025-04-14 15:49:22,7028f4cde98319ad1ea9e0cb4a1a74873c1be011b233cba5e3a88653749a1256,socialnetwork_app_home-timeline-service_1,0.26696264512872186,10354688.0,,,237568.0,676334.6794548208,2674763.250883392,
TC-VM-07,cmembw100,2025-04-14,2025-04-14 15:48:12,963ca4e699a98f69d06cec0ea3b340cc164a338cf76860a9d33ed19b3e70bb49,socialnetwork_app_url-shorten-service_1,0.0,3858432.0,,,167936.0,0.0,0.0,
TC-VM-07,cmembw100,2025-04-14,2025-04-14 15:48:17,963ca4e699a98f69d06cec0ea3b340cc164a338cf76860a9d33ed19b3e70bb49,socialnetwork_app_url-shorten-service_1,,3858432.0,,,167936.0,,,
TC-VM-07,cmembw100,2025-04-14,2025-04-14 15:48:22,963ca4e699a98f69d06cec0ea3b340cc164a338cf76860a9d33ed19b3e70bb49,socialnetwork_app_url-shorten-service_1,,3858432.0,,,167936.0,,,
TC-VM-07,cmembw100,2025-04-14,2025-04-14 15:48:27,963ca4e699a98f69d06cec0ea3b340cc164a338cf76860a9d33ed19b3e70bb49,socialnetwork_app_url-shorten-service_1,0.23598412698412538,4091904.0,,,167936.0,373084.96732026146,824383.7535014006,
TC-VM-07,cmembw100,2025-04-14,2025-04-14 15:48:32,963ca4e699a98f69d06cec0ea3b340cc164a338cf76860a9d33ed19b3e70bb49,socialnetwork_app_url-shorten-service_1,0.23652405498281723,4321280.0,,,167936.0,371793.2416953035,861946.735395189,
TC-VM-07,cmembw100,2025-04-14,2025-04-14 15:48:37,963ca4e699a98f69d06cec0ea3b340cc164a338cf76860a9d33ed19b3e70bb49,socialnetwork_app_url-shorten-service_1,0.24664073726960348,3960832.0,,,167936.0,394519.52514839114,907777.8819119025,
TC-VM-07,cmembw100,2025-04-14,2025-04-14 15:48:42,963ca4e699a98f69d06cec0ea3b340cc164a338cf76860a9d33ed19b3e70bb49,socialnetwork_app_url-shorten-service_1,0.23602603305785033,3936256.0,,,167936.0,376981.4049586777,860997.9338842975,
TC-VM-07,cmembw100,2025-04-14,2025-04-14 15:48:47,963ca4e699a98f69d06cec0ea3b340cc164a338cf76860a9d33ed19b3e70bb49,socialnetwork_app_url-shorten-service_1,0.2413424380374302,4063232.0,,,167936.0,378390.4906423874,830574.6079919069,
TC-VM-07,cmembw100,2025-04-14,2025-04-14 15:48:52,963ca4e699a98f69d06cec0ea3b340cc164a338cf76860a9d33ed19b3e70bb49,socialnetwork_app_url-shorten-service_1,0.21920047011417138,3694592.0,,,167936.0,348412.6930826058,792357.6225654802,
TC-VM-07,cmembw100,2025-04-14,2025-04-14 15:48:57,963ca4e699a98f69d06cec0ea3b340cc164a338cf76860a9d33ed19b3e70bb49,socialnetwork_app_url-shorten-service_1,0.2329341142020492,3989504.0,,,167936.0,370085.65153733524,859835.2855051244,
TC-VM-07,cmembw100,2025-04-14,2025-04-14 15:49:02,963ca4e699a98f69d06cec0ea3b340cc164a338cf76860a9d33ed19b3e70bb49,socialnetwork_app_url-shorten-service_1,0.22490670679277483,3411968.0,,,167936.0,357030.95442820294,818498.7102321582,
TC-VM-07,cmembw100,2025-04-14,2025-04-14 15:49:07,963ca4e699a98f69d06cec0ea3b340cc164a338cf76860a9d33ed19b3e70bb49,socialnetwork_app_url-shorten-service_1,0.22490114942528547,3338240.0,,,167936.0,360511.1111111111,845645.9770114943,
TC-VM-07,cmembw100,2025-04-14,2025-04-14 15:49:12,963ca4e699a98f69d06cec0ea3b340cc164a338cf76860a9d33ed19b3e70bb49,socialnetwork_app_url-shorten-service_1,0.23707180081065243,3485696.0,,,167936.0,362777.6491024899,836583.0920671684,
TC-VM-07,cmembw100,2025-04-14,2025-04-14 15:49:17,963ca4e699a98f69d06cec0ea3b340cc164a338cf76860a9d33ed19b3e70bb49,socialnetwork_app_url-shorten-service_1,0.24032280298678532,3072000.0,,,167936.0,375965.5370476737,833259.6209075244,
TC-VM-07,cmembw100,2025-04-14,2025-04-14 15:49:22,963ca4e699a98f69d06cec0ea3b340cc164a338cf76860a9d33ed19b3e70bb49,socialnetwork_app_url-shorten-service_1,0.24212184343434454,3162112.0,,,167936.0,380693.1818181818,882644.5707070706,
TC-VM-07,cmembw100,2025-04-14,2025-04-14 15:48:12,a4b604df6610218d74a92fbd474dc892307afb80b87817860a8b9869d5f40a59,socialnetwork_app_user-mention-service_1,,5197824.0,,,208896.0,,,
TC-VM-07,cmembw100,2025-04-14,2025-04-14 15:48:17,a4b604df6610218d74a92fbd474dc892307afb80b87817860a8b9869d5f40a59,socialnetwork_app_user-mention-service_1,,5197824.0,,,208896.0,,,
TC-VM-07,cmembw100,2025-04-14,2025-04-14 15:48:22,a4b604df6610218d74a92fbd474dc892307afb80b87817860a8b9869d5f40a59,socialnetwork_app_user-mention-service_1,,5189632.0,,,208896.0,,,
TC-VM-07,cmembw100,2025-04-14,2025-04-14 15:48:27,a4b604df6610218d74a92fbd474dc892307afb80b87817860a8b9869d5f40a59,socialnetwork_app_user-mention-service_1,0.33944754846066094,5181440.0,,,208896.0,1109345.496009122,838376.2827822121,
TC-VM-07,cmembw100,2025-04-14,2025-04-14 15:48:32,a4b604df6610218d74a92fbd474dc892307afb80b87817860a8b9869d5f40a59,socialnetwork_app_user-mention-service_1,0.34135402770651485,5472256.0,,,208896.0,1113590.5592611595,869416.1108260646,
TC-VM-07,cmembw100,2025-04-14,2025-04-14 15:48:37,a4b604df6610218d74a92fbd474dc892307afb80b87817860a8b9869d5f40a59,socialnetwork_app_user-mention-service_1,0.3348826728826716,5349376.0,,,208896.0,1099044.2890442892,833167.8321678322,
TC-VM-07,cmembw100,2025-04-14,2025-04-14 15:48:42,a4b604df6610218d74a92fbd474dc892307afb80b87817860a8b9869d5f40a59,socialnetwork_app_user-mention-service_1,0.3313424428332412,4919296.0,,,212992.0,1113922.4762967094,851883.7144450642,
TC-VM-07,cmembw100,2025-04-14,2025-04-14 15:48:47,a4b604df6610218d74a92fbd474dc892307afb80b87817860a8b9869d5f40a59,socialnetwork_app_user-mention-service_1,0.336779220779219,4956160.0,,,212992.0,1102565.9340659343,861842.157842158,
TC-VM-07,cmembw100,2025-04-14,2025-04-14 15:48:52,a4b604df6610218d74a92fbd474dc892307afb80b87817860a8b9869d5f40a59,socialnetwork_app_user-mention-service_1,0.3052294419970639,4620288.0,,,212992.0,1007324.1556534508,778687.2246696035,
TC-VM-07,cmembw100,2025-04-14,2025-04-14 15:48:57,a4b604df6610218d74a92fbd474dc892307afb80b87817860a8b9869d5f40a59,socialnetwork_app_user-mention-service_1,0.3111132463967088,4579328.0,,,212992.0,1034341.1118737131,787588.1949210707,
TC-VM-07,cmembw100,2025-04-14,2025-04-14 15:49:02,a4b604df6610218d74a92fbd474dc892307afb80b87817860a8b9869d5f40a59,socialnetwork_app_user-mention-service_1,0.30703258339798634,4415488.0,,,212992.0,1019094.6470131886,728795.9658650117,
TC-VM-07,cmembw100,2025-04-14,2025-04-14 15:49:07,a4b604df6610218d74a92fbd474dc892307afb80b87817860a8b9869d5f40a59,socialnetwork_app_user-mention-service_1,0.31734338305299936,4395008.0,,,212992.0,1057272.2945096795,804871.78673437,
TC-VM-07,cmembw100,2025-04-14,2025-04-14 15:49:12,a4b604df6610218d74a92fbd474dc892307afb80b87817860a8b9869d5f40a59,socialnetwork_app_user-mention-service_1,0.33318371607515795,4517888.0,,,212992.0,1085381.3500347948,822720.9464161447,
TC-VM-07,cmembw100,2025-04-14,2025-04-14 15:49:17,a4b604df6610218d74a92fbd474dc892307afb80b87817860a8b9869d5f40a59,socialnetwork_app_user-mention-service_1,0.3395283333333331,4419584.0,,,212992.0,1085126.111111111,821805.0,
TC-VM-07,cmembw100,2025-04-14,2025-04-14 15:49:22,a4b604df6610218d74a92fbd474dc892307afb80b87817860a8b9869d5f40a59,socialnetwork_app_user-mention-service_1,0.33704560530680133,4333568.0,,,212992.0,1110492.537313433,847211.4427860697,
TC-VM-07,cmembw100,2025-04-14,2025-04-14 15:48:12,afd68e6501efcdd7813b11ba8a1d1d1c2414c8a179e7451bcfd22da70137ce92,socialnetwork_app_social-graph-mongodb_1,0.0060631888317404965,96276480.0,,,1175552.0,0.0,0.0,
TC-VM-07,cmembw100,2025-04-14,2025-04-14 15:48:17,afd68e6501efcdd7813b11ba8a1d1d1c2414c8a179e7451bcfd22da70137ce92,socialnetwork_app_social-graph-mongodb_1,0.005436129032253509,96538624.0,,,1175552.0,0.0,0.0,
TC-VM-07,cmembw100,2025-04-14,2025-04-14 15:48:22,afd68e6501efcdd7813b11ba8a1d1d1c2414c8a179e7451bcfd22da70137ce92,socialnetwork_app_social-graph-mongodb_1,0.0027957537154974918,96276480.0,,,1175552.0,0.0,0.0,
TC-VM-07,cmembw100,2025-04-14,2025-04-14 15:48:27,afd68e6501efcdd7813b11ba8a1d1d1c2414c8a179e7451bcfd22da70137ce92,socialnetwork_app_social-graph-mongodb_1,0.00349652432969138,96276480.0,,,1175552.0,0.0,0.0,
TC-VM-07,cmembw100,2025-04-14,2025-04-14 15:48:32,afd68e6501efcdd7813b11ba8a1d1d1c2414c8a179e7451bcfd22da70137ce92,socialnetwork_app_social-graph-mongodb_1,0.0031170130869915074,96276480.0,,,1175552.0,0.0,0.0,
TC-VM-07,cmembw100,2025-04-14,2025-04-14 15:48:37,afd68e6501efcdd7813b11ba8a1d1d1c2414c8a179e7451bcfd22da70137ce92,socialnetwork_app_social-graph-mongodb_1,0.005710445937690437,96276480.0,,,1175552.0,58.03298717165546,117.59315821624924,
TC-VM-07,cmembw100,2025-04-14,2025-04-14 15:48:42,afd68e6501efcdd7813b11ba8a1d1d1c2414c8a179e7451bcfd22da70137ce92,socialnetwork_app_social-graph-mongodb_1,0.003273255813958322,94703616.0,,,1175552.0,0.0,0.0,
TC-VM-07,cmembw100,2025-04-14,2025-04-14 15:48:47,afd68e6501efcdd7813b11ba8a1d1d1c2414c8a179e7451bcfd22da70137ce92,socialnetwork_app_social-graph-mongodb_1,0.008904477611941498,94707712.0,,,1175552.0,141.7910447761194,287.3134328358209,
TC-VM-07,cmembw100,2025-04-14,2025-04-14 15:48:52,afd68e6501efcdd7813b11ba8a1d1d1c2414c8a179e7451bcfd22da70137ce92,socialnetwork_app_social-graph-mongodb_1,0.00370206489675649,89989120.0,,,1175552.0,0.0,0.0,
TC-VM-07,cmembw100,2025-04-14,2025-04-14 15:48:57,afd68e6501efcdd7813b11ba8a1d1d1c2414c8a179e7451bcfd22da70137ce92,socialnetwork_app_social-graph-mongodb_1,0.0036833220796743866,88416256.0,,,1175552.0,0.0,0.0,
TC-VM-07,cmembw100,2025-04-14,2025-04-14 15:49:02,afd68e6501efcdd7813b11ba8a1d1d1c2414c8a179e7451bcfd22da70137ce92,socialnetwork_app_social-graph-mongodb_1,0.0037702488088949258,86847488.0,,,1175552.0,0.0,0.0,
TC-VM-07,cmembw100,2025-04-14,2025-04-14 15:49:07,afd68e6501efcdd7813b11ba8a1d1d1c2414c8a179e7451bcfd22da70137ce92,socialnetwork_app_social-graph-mongodb_1,0.005631684491980327,86847488.0,,,1175552.0,63.50267379679144,128.6764705882353,
TC-VM-07,cmembw100,2025-04-14,2025-04-14 15:49:12,afd68e6501efcdd7813b11ba8a1d1d1c2414c8a179e7451bcfd22da70137ce92,socialnetwork_app_social-graph-mongodb_1,0.004559403770274913,85536768.0,,,1175552.0,0.0,0.0,
TC-VM-07,cmembw100,2025-04-14,2025-04-14 15:49:17,afd68e6501efcdd7813b11ba8a1d1d1c2414c8a179e7451bcfd22da70137ce92,socialnetwork_app_social-graph-mongodb_1,0.006569278671509761,84226048.0,,,1175552.0,98.59885832900882,199.79242345614946,
TC-VM-07,cmembw100,2025-04-14,2025-04-14 15:49:22,afd68e6501efcdd7813b11ba8a1d1d1c2414c8a179e7451bcfd22da70137ce92,socialnetwork_app_social-graph-mongodb_1,0.003153201675642378,81604608.0,,,1175552.0,0.0,0.0,
TC-VM-07,cmembw100,2025-04-14,2025-04-14 15:48:12,b59bf7c5f142a031f5588db5025d3a859ed2655e13164bc71348ab9dab6f71f0,socialnetwork_app_user-service_1,0.0,4165632.0,,,503808.0,0.0,0.0,
TC-VM-07,cmembw100,2025-04-14,2025-04-14 15:48:17,b59bf7c5f142a031f5588db5025d3a859ed2655e13164bc71348ab9dab6f71f0,socialnetwork_app_user-service_1,,4165632.0,,,503808.0,,,
TC-VM-07,cmembw100,2025-04-14,2025-04-14 15:48:22,b59bf7c5f142a031f5588db5025d3a859ed2655e13164bc71348ab9dab6f71f0,socialnetwork_app_user-service_1,0.0,4165632.0,,,503808.0,0.0,0.0,
TC-VM-07,cmembw100,2025-04-14,2025-04-14 15:48:27,b59bf7c5f142a031f5588db5025d3a859ed2655e13164bc71348ab9dab6f71f0,socialnetwork_app_user-service_1,0.0749943531827515,4083712.0,,,503808.0,157739.73305954825,96766.4271047228,
TC-VM-07,cmembw100,2025-04-14,2025-04-14 15:48:32,b59bf7c5f142a031f5588db5025d3a859ed2655e13164bc71348ab9dab6f71f0,socialnetwork_app_user-service_1,0.07328479196556696,4108288.0,,,503808.0,148963.41463414635,91476.32711621234,
TC-VM-07,cmembw100,2025-04-14,2025-04-14 15:48:37,b59bf7c5f142a031f5588db5025d3a859ed2655e13164bc71348ab9dab6f71f0,socialnetwork_app_user-service_1,0.07377881257275991,4186112.0,,,503808.0,149994.1792782305,92087.3108265425,
TC-VM-07,cmembw100,2025-04-14,2025-04-14 15:48:42,b59bf7c5f142a031f5588db5025d3a859ed2655e13164bc71348ab9dab6f71f0,socialnetwork_app_user-service_1,0.07331376975169251,3833856.0,,,507904.0,152838.60045146727,93820.54176072235,
TC-VM-07,cmembw100,2025-04-14,2025-04-14 15:48:47,b59bf7c5f142a031f5588db5025d3a859ed2655e13164bc71348ab9dab6f71f0,socialnetwork_app_user-service_1,0.07398470948012231,3702784.0,,,507904.0,153148.0122324159,93651.37614678899,
TC-VM-07,cmembw100,2025-04-14,2025-04-14 15:48:52,b59bf7c5f142a031f5588db5025d3a859ed2655e13164bc71348ab9dab6f71f0,socialnetwork_app_user-service_1,0.06586722797927459,3448832.0,,,507904.0,138991.58031088082,85131.47668393783,
TC-VM-07,cmembw100,2025-04-14,2025-04-14 15:48:57,b59bf7c5f142a031f5588db5025d3a859ed2655e13164bc71348ab9dab6f71f0,socialnetwork_app_user-service_1,0.06867469879518029,3276800.0,,,507904.0,142392.06827309236,87330.32128514057,
TC-VM-07,cmembw100,2025-04-14,2025-04-14 15:49:02,b59bf7c5f142a031f5588db5025d3a859ed2655e13164bc71348ab9dab6f71f0,socialnetwork_app_user-service_1,0.06836112708453178,3051520.0,,,507904.0,140102.35767682575,85818.86141460609,
TC-VM-07,cmembw100,2025-04-14,2025-04-14 15:49:07,b59bf7c5f142a031f5588db5025d3a859ed2655e13164bc71348ab9dab6f71f0,socialnetwork_app_user-service_1,0.07109251412429352,3055616.0,,,507904.0,144979.5197740113,88889.83050847458,
TC-VM-07,cmembw100,2025-04-14,2025-04-14 15:49:12,b59bf7c5f142a031f5588db5025d3a859ed2655e13164bc71348ab9dab6f71f0,socialnetwork_app_user-service_1,0.07469990709197895,2994176.0,,,507904.0,151804.58346237225,93040.87952926602,
TC-VM-07,cmembw100,2025-04-14,2025-04-14 15:49:17,b59bf7c5f142a031f5588db5025d3a859ed2655e13164bc71348ab9dab6f71f0,socialnetwork_app_user-service_1,0.07492913982569128,2797568.0,,,507904.0,152764.3046608564,93651.00416824555,
TC-VM-07,cmembw100,2025-04-14,2025-04-14 15:49:22,b59bf7c5f142a031f5588db5025d3a859ed2655e13164bc71348ab9dab6f71f0,socialnetwork_app_user-service_1,0.07557818930041148,2605056.0,,,507904.0,154327.98353909465,94606.17283950617,
TC-VM-07,cmembw100,2025-04-14,2025-04-14 15:48:12,bb78b9ee18d484971fae98a297ec9ea574d4725eb496fd3df7a9aff57dba9da9,socialnetwork_app_user-timeline-redis_1,0.004431788653096358,85086208.0,,,90112.0,0.0,0.0,
TC-VM-07,cmembw100,2025-04-14,2025-04-14 15:48:17,bb78b9ee18d484971fae98a297ec9ea574d4725eb496fd3df7a9aff57dba9da9,socialnetwork_app_user-timeline-redis_1,0.004396650968077807,85086208.0,,,90112.0,0.0,0.0,
TC-VM-07,cmembw100,2025-04-14,2025-04-14 15:48:22,bb78b9ee18d484971fae98a297ec9ea574d4725eb496fd3df7a9aff57dba9da9,socialnetwork_app_user-timeline-redis_1,0.0025900068446242388,85086208.0,,,90112.0,0.0,0.0,
TC-VM-07,cmembw100,2025-04-14,2025-04-14 15:48:27,bb78b9ee18d484971fae98a297ec9ea574d4725eb496fd3df7a9aff57dba9da9,socialnetwork_app_user-timeline-redis_1,0.06230339083878977,85417984.0,,,90112.0,99772.75431290898,46597.263533610945,
TC-VM-07,cmembw100,2025-04-14,2025-04-14 15:48:32,bb78b9ee18d484971fae98a297ec9ea574d4725eb496fd3df7a9aff57dba9da9,socialnetwork_app_user-timeline-redis_1,0.06484400389990293,85729280.0,,,90112.0,100455.96360090998,46909.32726681833,
TC-VM-07,cmembw100,2025-04-14,2025-04-14 15:48:37,bb78b9ee18d484971fae98a297ec9ea574d4725eb496fd3df7a9aff57dba9da9,socialnetwork_app_user-timeline-redis_1,0.06194241686942315,85901312.0,,,90112.0,101767.23438767233,47518.24817518248,
TC-VM-07,cmembw100,2025-04-14,2025-04-14 15:48:42,bb78b9ee18d484971fae98a297ec9ea574d4725eb496fd3df7a9aff57dba9da9,socialnetwork_app_user-timeline-redis_1,0.06135431969220058,85909504.0,,,90112.0,99296.25743266876,46372.857642532355,
TC-VM-07,cmembw100,2025-04-14,2025-04-14 15:48:47,bb78b9ee18d484971fae98a297ec9ea574d4725eb496fd3df7a9aff57dba9da9,socialnetwork_app_user-timeline-redis_1,0.062356060606059936,86245376.0,,,90112.0,95909.09090909091,44790.20979020979,
TC-VM-07,cmembw100,2025-04-14,2025-04-14 15:48:52,bb78b9ee18d484971fae98a297ec9ea574d4725eb496fd3df7a9aff57dba9da9,socialnetwork_app_user-timeline-redis_1,0.05631268882175292,85123072.0,,,90112.0,90791.03726082577,42366.56596173212,
TC-VM-07,cmembw100,2025-04-14,2025-04-14 15:48:57,bb78b9ee18d484971fae98a297ec9ea574d4725eb496fd3df7a9aff57dba9da9,socialnetwork_app_user-timeline-redis_1,0.057851491569391573,85106688.0,,,90112.0,92638.13229571984,43261.99740596628,
TC-VM-07,cmembw100,2025-04-14,2025-04-14 15:49:02,bb78b9ee18d484971fae98a297ec9ea574d4725eb496fd3df7a9aff57dba9da9,socialnetwork_app_user-timeline-redis_1,0.05861221009549923,84803584.0,,,90112.0,92115.96180081855,43045.70259208731,
TC-VM-07,cmembw100,2025-04-14,2025-04-14 15:49:07,bb78b9ee18d484971fae98a297ec9ea574d4725eb496fd3df7a9aff57dba9da9,socialnetwork_app_user-timeline-redis_1,0.0614832387828749,85172224.0,,,90112.0,97781.33058277462,45667.870036101085,
TC-VM-07,cmembw100,2025-04-14,2025-04-14 15:49:12,bb78b9ee18d484971fae98a297ec9ea574d4725eb496fd3df7a9aff57dba9da9,socialnetwork_app_user-timeline-redis_1,0.06186673773987177,85385216.0,,,90112.0,96412.04690831558,44962.68656716418,
TC-VM-07,cmembw100,2025-04-14,2025-04-14 15:49:17,bb78b9ee18d484971fae98a297ec9ea574d4725eb496fd3df7a9aff57dba9da9,socialnetwork_app_user-timeline-redis_1,0.061992588017295285,84955136.0,,,90112.0,99243.97776405189,46349.59851760346,
TC-VM-07,cmembw100,2025-04-14,2025-04-14 15:49:22,bb78b9ee18d484971fae98a297ec9ea574d4725eb496fd3df7a9aff57dba9da9,socialnetwork_app_user-timeline-redis_1,0.062236464088397836,84557824.0,,,90112.0,98702.20994475138,46060.77348066298,
TC-VM-07,cmembw100,2025-04-14,2025-04-14 15:48:12,bce7f1fd95d26de51af548469a0de774671ada63b2d3468cbfeca1058995d748,socialnetwork_app_social-graph-service_1,0.0,5300224.0,,,188416.0,0.0,0.0,
TC-VM-07,cmembw100,2025-04-14,2025-04-14 15:48:17,bce7f1fd95d26de51af548469a0de774671ada63b2d3468cbfeca1058995d748,socialnetwork_app_social-graph-service_1,0.0,5300224.0,,,188416.0,0.0,0.0,
TC-VM-07,cmembw100,2025-04-14,2025-04-14 15:48:22,bce7f1fd95d26de51af548469a0de774671ada63b2d3468cbfeca1058995d748,socialnetwork_app_social-graph-service_1,,5300224.0,,,188416.0,,,
TC-VM-07,cmembw100,2025-04-14,2025-04-14 15:48:27,bce7f1fd95d26de51af548469a0de774671ada63b2d3468cbfeca1058995d748,socialnetwork_app_social-graph-service_1,,5300224.0,,,188416.0,,,
TC-VM-07,cmembw100,2025-04-14,2025-04-14 15:48:32,bce7f1fd95d26de51af548469a0de774671ada63b2d3468cbfeca1058995d748,socialnetwork_app_social-graph-service_1,0.1324405000000013,5419008.0,,,188416.0,411091.5,387504.5,
TC-VM-07,cmembw100,2025-04-14,2025-04-14 15:48:37,bce7f1fd95d26de51af548469a0de774671ada63b2d3468cbfeca1058995d748,socialnetwork_app_social-graph-service_1,0.1315664143152117,5332992.0,,,188416.0,410480.3854094976,354271.85134205094,
TC-VM-07,cmembw100,2025-04-14,2025-04-14 15:48:42,bce7f1fd95d26de51af548469a0de774671ada63b2d3468cbfeca1058995d748,socialnetwork_app_social-graph-service_1,0.12660632183907916,5144576.0,,,188416.0,397398.46743295016,342818.9655172414,
TC-VM-07,cmembw100,2025-04-14,2025-04-14 15:48:47,bce7f1fd95d26de51af548469a0de774671ada63b2d3468cbfeca1058995d748,socialnetwork_app_social-graph-service_1,0.1316352755905512,5107712.0,,,188416.0,401929.44881889765,387587.40157480317,
TC-VM-07,cmembw100,2025-04-14,2025-04-14 15:48:52,bce7f1fd95d26de51af548469a0de774671ada63b2d3468cbfeca1058995d748,socialnetwork_app_social-graph-service_1,0.11987355562892037,4390912.0,,,188416.0,383213.601848795,374034.00462198746,
TC-VM-07,cmembw100,2025-04-14,2025-04-14 15:48:57,bce7f1fd95d26de51af548469a0de774671ada63b2d3468cbfeca1058995d748,socialnetwork_app_social-graph-service_1,0.12290311653116519,4214784.0,,,188416.0,388152.43902439025,378979.3360433604,
TC-VM-07,cmembw100,2025-04-14,2025-04-14 15:49:02,bce7f1fd95d26de51af548469a0de774671ada63b2d3468cbfeca1058995d748,socialnetwork_app_social-graph-service_1,0.11725757575757485,4182016.0,,,188416.0,354176.13636363635,367709.2803030303,
TC-VM-07,cmembw100,2025-04-14,2025-04-14 15:49:07,bce7f1fd95d26de51af548469a0de774671ada63b2d3468cbfeca1058995d748,socialnetwork_app_social-graph-service_1,0.12913686131386867,4214784.0,,,188416.0,409667.2749391728,393446.47201946477,
TC-VM-07,cmembw100,2025-04-14,2025-04-14 15:49:12,bce7f1fd95d26de51af548469a0de774671ada63b2d3468cbfeca1058995d748,socialnetwork_app_social-graph-service_1,0.1301767676767688,3993600.0,,,188416.0,393927.04826038156,339450.05611672276,
TC-VM-07,cmembw100,2025-04-14,2025-04-14 15:49:17,bce7f1fd95d26de51af548469a0de774671ada63b2d3468cbfeca1058995d748,socialnetwork_app_social-graph-service_1,0.13279303278688603,3997696.0,,,188416.0,419361.16803278687,395284.3237704918,
TC-VM-07,cmembw100,2025-04-14,2025-04-14 15:49:22,bce7f1fd95d26de51af548469a0de774671ada63b2d3468cbfeca1058995d748,socialnetwork_app_social-graph-service_1,0.13264031936127688,3649536.0,,,188416.0,413578.4431137725,382801.19760479045,
TC-VM-07,cmembw100,2025-04-14,2025-04-14 15:48:12,cf16b82e5585efba0056c0626f3b844897763e09fda05526a0e6025d8c0354aa,socialnetwork_app_media-frontend_1,,23646208.0,,,126976.0,,,
TC-VM-07,cmembw100,2025-04-14,2025-04-14 15:48:17,cf16b82e5585efba0056c0626f3b844897763e09fda05526a0e6025d8c0354aa,socialnetwork_app_media-frontend_1,,23646208.0,,,126976.0,,,
TC-VM-07,cmembw100,2025-04-14,2025-04-14 15:48:22,cf16b82e5585efba0056c0626f3b844897763e09fda05526a0e6025d8c0354aa,socialnetwork_app_media-frontend_1,,23646208.0,,,126976.0,,,
TC-VM-07,cmembw100,2025-04-14,2025-04-14 15:48:27,cf16b82e5585efba0056c0626f3b844897763e09fda05526a0e6025d8c0354aa,socialnetwork_app_media-frontend_1,,23646208.0,,,126976.0,,,
TC-VM-07,cmembw100,2025-04-14,2025-04-14 15:48:32,cf16b82e5585efba0056c0626f3b844897763e09fda05526a0e6025d8c0354aa,socialnetwork_app_media-frontend_1,,23646208.0,,,126976.0,,,
TC-VM-07,cmembw100,2025-04-14,2025-04-14 15:48:37,cf16b82e5585efba0056c0626f3b844897763e09fda05526a0e6025d8c0354aa,socialnetwork_app_media-frontend_1,,23646208.0,,,126976.0,,,
TC-VM-07,cmembw100,2025-04-14,2025-04-14 15:48:42,cf16b82e5585efba0056c0626f3b844897763e09fda05526a0e6025d8c0354aa,socialnetwork_app_media-frontend_1,,23646208.0,,,126976.0,,,
TC-VM-07,cmembw100,2025-04-14,2025-04-14 15:48:47,cf16b82e5585efba0056c0626f3b844897763e09fda05526a0e6025d8c0354aa,socialnetwork_app_media-frontend_1,,23646208.0,,,126976.0,,,
TC-VM-07,cmembw100,2025-04-14,2025-04-14 15:48:52,cf16b82e5585efba0056c0626f3b844897763e09fda05526a0e6025d8c0354aa,socialnetwork_app_media-frontend_1,,23646208.0,,,126976.0,,,
TC-VM-07,cmembw100,2025-04-14,2025-04-14 15:48:57,cf16b82e5585efba0056c0626f3b844897763e09fda05526a0e6025d8c0354aa,socialnetwork_app_media-frontend_1,,23646208.0,,,126976.0,,,
TC-VM-07,cmembw100,2025-04-14,2025-04-14 15:49:02,cf16b82e5585efba0056c0626f3b844897763e09fda05526a0e6025d8c0354aa,socialnetwork_app_media-frontend_1,,23646208.0,,,126976.0,,,
TC-VM-07,cmembw100,2025-04-14,2025-04-14 15:49:07,cf16b82e5585efba0056c0626f3b844897763e09fda05526a0e6025d8c0354aa,socialnetwork_app_media-frontend_1,,20762624.0,,,126976.0,,,
TC-VM-07,cmembw100,2025-04-14,2025-04-14 15:49:12,cf16b82e5585efba0056c0626f3b844897763e09fda05526a0e6025d8c0354aa,socialnetwork_app_media-frontend_1,,20762624.0,,,126976.0,,,
TC-VM-07,cmembw100,2025-04-14,2025-04-14 15:49:17,cf16b82e5585efba0056c0626f3b844897763e09fda05526a0e6025d8c0354aa,socialnetwork_app_media-frontend_1,0.0,19976192.0,,,126976.0,0.0,0.0,
TC-VM-07,cmembw100,2025-04-14,2025-04-14 15:49:22,cf16b82e5585efba0056c0626f3b844897763e09fda05526a0e6025d8c0354aa,socialnetwork_app_media-frontend_1,0.0,19714048.0,,,126976.0,0.0,0.0,
TC-VM-07,cmembw100,2025-04-14,2025-04-14 15:48:12,d3b4f2bfd120fb35a3fa94e8f2b050b7844d051581f6285aa161be71cae33dc5,socialnetwork_app_user-memcached_1,0.00012950075642947922,1916928.0,,,40960.0,0.0,0.0,
TC-VM-07,cmembw100,2025-04-14,2025-04-14 15:48:17,d3b4f2bfd120fb35a3fa94e8f2b050b7844d051581f6285aa161be71cae33dc5,socialnetwork_app_user-memcached_1,0.0001639106469393463,1916928.0,,,40960.0,0.0,0.0,
TC-VM-07,cmembw100,2025-04-14,2025-04-14 15:48:22,d3b4f2bfd120fb35a3fa94e8f2b050b7844d051581f6285aa161be71cae33dc5,socialnetwork_app_user-memcached_1,8.619685497924918e-05,1916928.0,,,40960.0,0.0,0.0,
TC-VM-07,cmembw100,2025-04-14,2025-04-14 15:48:27,d3b4f2bfd120fb35a3fa94e8f2b050b7844d051581f6285aa161be71cae33dc5,socialnetwork_app_user-memcached_1,0.10460869565217376,2105344.0,,,40960.0,484401.90880169667,263674.7967479675,
TC-VM-07,cmembw100,2025-04-14,2025-04-14 15:48:32,d3b4f2bfd120fb35a3fa94e8f2b050b7844d051581f6285aa161be71cae33dc5,socialnetwork_app_user-memcached_1,0.10058541777541248,2375680.0,,,40960.0,468620.01064395957,253431.61255987227,
TC-VM-07,cmembw100,2025-04-14,2025-04-14 15:48:37,d3b4f2bfd120fb35a3fa94e8f2b050b7844d051581f6285aa161be71cae33dc5,socialnetwork_app_user-memcached_1,0.10201508620689634,2060288.0,,,40960.0,469077.0474137931,258774.7844827586,
TC-VM-07,cmembw100,2025-04-14,2025-04-14 15:48:42,d3b4f2bfd120fb35a3fa94e8f2b050b7844d051581f6285aa161be71cae33dc5,socialnetwork_app_user-memcached_1,0.09813607038123087,2064384.0,,,40960.0,466149.56011730206,256459.8240469208,
TC-VM-07,cmembw100,2025-04-14,2025-04-14 15:48:47,d3b4f2bfd120fb35a3fa94e8f2b050b7844d051581f6285aa161be71cae33dc5,socialnetwork_app_user-memcached_1,0.10213000000000072,2060288.0,,,40960.0,467261.5,258734.0,
TC-VM-07,cmembw100,2025-04-14,2025-04-14 15:48:52,d3b4f2bfd120fb35a3fa94e8f2b050b7844d051581f6285aa161be71cae33dc5,socialnetwork_app_user-memcached_1,0.09089855072463895,1699840.0,,,40960.0,426048.84594739665,230843.8003220612,
TC-VM-07,cmembw100,2025-04-14,2025-04-14 15:48:57,d3b4f2bfd120fb35a3fa94e8f2b050b7844d051581f6285aa161be71cae33dc5,socialnetwork_app_user-memcached_1,0.09573428331936076,1662976.0,,,40960.0,441818.10561609385,245342.83319362949,
TC-VM-07,cmembw100,2025-04-14,2025-04-14 15:49:02,d3b4f2bfd120fb35a3fa94e8f2b050b7844d051581f6285aa161be71cae33dc5,socialnetwork_app_user-memcached_1,0.08989052437902514,1617920.0,,,40960.0,422597.97608095675,222417.66329346827,
TC-VM-07,cmembw100,2025-04-14,2025-04-14 15:49:07,d3b4f2bfd120fb35a3fa94e8f2b050b7844d051581f6285aa161be71cae33dc5,socialnetwork_app_user-memcached_1,0.09778522336769978,1699840.0,,,40960.0,459631.4432989691,247120.27491408936,
TC-VM-07,cmembw100,2025-04-14,2025-04-14 15:49:12,d3b4f2bfd120fb35a3fa94e8f2b050b7844d051581f6285aa161be71cae33dc5,socialnetwork_app_user-memcached_1,0.10258580473175662,1753088.0,,,40960.0,473758.0806397867,255280.90636454517,
TC-VM-07,cmembw100,2025-04-14,2025-04-14 15:49:17,d3b4f2bfd120fb35a3fa94e8f2b050b7844d051581f6285aa161be71cae33dc5,socialnetwork_app_user-memcached_1,0.1037320205479456,1720320.0,,,40960.0,480572.345890411,259878.42465753425,
TC-VM-07,cmembw100,2025-04-14,2025-04-14 15:49:22,d3b4f2bfd120fb35a3fa94e8f2b050b7844d051581f6285aa161be71cae33dc5,socialnetwork_app_user-memcached_1,0.10225426278836473,1937408.0,,,40960.0,476336.50952858577,255577.7331995988,
TC-VM-07,cmembw100,2025-04-14,2025-04-14 15:48:12,e0f137ea1ed0a9e34ec35c02bd5c096360011fa2f30ce405e3428f6dc53b1631,socialnetwork_app_nginx-thrift_1,0.0,46907392.0,,,147456.0,0.0,0.0,
TC-VM-07,cmembw100,2025-04-14,2025-04-14 15:48:17,e0f137ea1ed0a9e34ec35c02bd5c096360011fa2f30ce405e3428f6dc53b1631,socialnetwork_app_nginx-thrift_1,,46907392.0,,,147456.0,,,
TC-VM-07,cmembw100,2025-04-14,2025-04-14 15:48:22,e0f137ea1ed0a9e34ec35c02bd5c096360011fa2f30ce405e3428f6dc53b1631,socialnetwork_app_nginx-thrift_1,0.0,46907392.0,,,147456.0,0.0,0.0,
TC-VM-07,cmembw100,2025-04-14,2025-04-14 15:48:27,e0f137ea1ed0a9e34ec35c02bd5c096360011fa2f30ce405e3428f6dc53b1631,socialnetwork_app_nginx-thrift_1,,46907392.0,,,147456.0,,,
TC-VM-07,cmembw100,2025-04-14,2025-04-14 15:48:32,e0f137ea1ed0a9e34ec35c02bd5c096360011fa2f30ce405e3428f6dc53b1631,socialnetwork_app_nginx-thrift_1,0.504146226415091,49795072.0,,,147456.0,1111079.5148247979,890623.9892183288,
TC-VM-07,cmembw100,2025-04-14,2025-04-14 15:48:37,e0f137ea1ed0a9e34ec35c02bd5c096360011fa2f30ce405e3428f6dc53b1631,socialnetwork_app_nginx-thrift_1,0.4901242603550363,52228096.0,,,147456.0,1148901.3806706115,810976.3313609468,
TC-VM-07,cmembw100,2025-04-14,2025-04-14 15:48:42,e0f137ea1ed0a9e34ec35c02bd5c096360011fa2f30ce405e3428f6dc53b1631,socialnetwork_app_nginx-thrift_1,0.4852745358090143,53235712.0,,,147456.0,1082937.0026525198,917525.8620689656,
TC-VM-07,cmembw100,2025-04-14,2025-04-14 15:48:47,e0f137ea1ed0a9e34ec35c02bd5c096360011fa2f30ce405e3428f6dc53b1631,socialnetwork_app_nginx-thrift_1,0.5063760262725767,54497280.0,,,147456.0,1139256.9786535304,857214.2857142857,
TC-VM-07,cmembw100,2025-04-14,2025-04-14 15:48:52,e0f137ea1ed0a9e34ec35c02bd5c096360011fa2f30ce405e3428f6dc53b1631,socialnetwork_app_nginx-thrift_1,0.4565861868833437,54226944.0,,,147456.0,1082009.286128845,888964.0162507255,
TC-VM-07,cmembw100,2025-04-14,2025-04-14 15:48:57,e0f137ea1ed0a9e34ec35c02bd5c096360011fa2f30ce405e3428f6dc53b1631,socialnetwork_app_nginx-thrift_1,0.47216390584132295,54722560.0,,,147456.0,1053438.8259226969,891316.1871548969,
TC-VM-07,cmembw100,2025-04-14,2025-04-14 15:49:02,e0f137ea1ed0a9e34ec35c02bd5c096360011fa2f30ce405e3428f6dc53b1631,socialnetwork_app_nginx-thrift_1,0.4680983690112115,55275520.0,,,147456.0,908209.98980632,882683.9959225281,
TC-VM-07,cmembw100,2025-04-14,2025-04-14 15:49:07,e0f137ea1ed0a9e34ec35c02bd5c096360011fa2f30ce405e3428f6dc53b1631,socialnetwork_app_nginx-thrift_1,0.45943813387423854,56037376.0,,,147456.0,814642.1906693713,913113.995943205,
TC-VM-07,cmembw100,2025-04-14,2025-04-14 15:49:12,e0f137ea1ed0a9e34ec35c02bd5c096360011fa2f30ce405e3428f6dc53b1631,socialnetwork_app_nginx-thrift_1,0.4919910714285689,55844864.0,,,147456.0,783742.857142857,887587.4999999999,
TC-VM-07,cmembw100,2025-04-14,2025-04-14 15:49:17,e0f137ea1ed0a9e34ec35c02bd5c096360011fa2f30ce405e3428f6dc53b1631,socialnetwork_app_nginx-thrift_1,0.4948185219831575,55480320.0,,,147456.0,658594.0130963518,952653.8821328345,
TC-VM-07,cmembw100,2025-04-14,2025-04-14 15:49:22,e0f137ea1ed0a9e34ec35c02bd5c096360011fa2f30ce405e3428f6dc53b1631,socialnetwork_app_nginx-thrift_1,0.5082147937411114,54988800.0,,,147456.0,826626.9559032718,892318.278805121,
TC-VM-07,cmembw100,2025-04-14,2025-04-14 15:48:12,e830d8a242a6b384b1722153c08b58510bbbd0c619d040203a07541384f9f9ee,socialnetwork_app_user-timeline-service_1,0.0,12136448.0,,,253952.0,0.0,0.0,
TC-VM-07,cmembw100,2025-04-14,2025-04-14 15:48:17,e830d8a242a6b384b1722153c08b58510bbbd0c619d040203a07541384f9f9ee,socialnetwork_app_user-timeline-service_1,,12136448.0,,,253952.0,,,
TC-VM-07,cmembw100,2025-04-14,2025-04-14 15:48:22,e830d8a242a6b384b1722153c08b58510bbbd0c619d040203a07541384f9f9ee,socialnetwork_app_user-timeline-service_1,0.0,12136448.0,,,253952.0,0.0,0.0,
TC-VM-07,cmembw100,2025-04-14,2025-04-14 15:48:27,e830d8a242a6b384b1722153c08b58510bbbd0c619d040203a07541384f9f9ee,socialnetwork_app_user-timeline-service_1,0.25490735231619155,12288000.0,,,253952.0,25802713.132171694,474426.26434339135,
TC-VM-07,cmembw100,2025-04-14,2025-04-14 15:48:32,e830d8a242a6b384b1722153c08b58510bbbd0c619d040203a07541384f9f9ee,socialnetwork_app_user-timeline-service_1,0.25615272448196463,12410880.0,,,253952.0,25295042.594013814,487528.7797390637,
TC-VM-07,cmembw100,2025-04-14,2025-04-14 15:48:37,e830d8a242a6b384b1722153c08b58510bbbd0c619d040203a07541384f9f9ee,socialnetwork_app_user-timeline-service_1,0.25300125234815374,12156928.0,,,253952.0,24957253.60050094,510932.37319974956,
TC-VM-07,cmembw100,2025-04-14,2025-04-14 15:48:42,e830d8a242a6b384b1722153c08b58510bbbd0c619d040203a07541384f9f9ee,socialnetwork_app_user-timeline-service_1,0.24263776295536182,12042240.0,,,253952.0,24592949.204720367,488086.1980502822,
TC-VM-07,cmembw100,2025-04-14,2025-04-14 15:48:47,e830d8a242a6b384b1722153c08b58510bbbd0c619d040203a07541384f9f9ee,socialnetwork_app_user-timeline-service_1,0.25155810616929913,12001280.0,,,253952.0,25189674.31850789,476304.87804878055,
TC-VM-07,cmembw100,2025-04-14,2025-04-14 15:48:52,e830d8a242a6b384b1722153c08b58510bbbd0c619d040203a07541384f9f9ee,socialnetwork_app_user-timeline-service_1,0.228525583982201,12050432.0,,,253952.0,23289393.21468298,468095.10567296995,
TC-VM-07,cmembw100,2025-04-14,2025-04-14 15:48:57,e830d8a242a6b384b1722153c08b58510bbbd0c619d040203a07541384f9f9ee,socialnetwork_app_user-timeline-service_1,0.2357955246913578,11505664.0,,,253952.0,23852199.84567901,454192.90123456786,
TC-VM-07,cmembw100,2025-04-14,2025-04-14 15:49:02,e830d8a242a6b384b1722153c08b58510bbbd0c619d040203a07541384f9f9ee,socialnetwork_app_user-timeline-service_1,0.23130411449016028,11730944.0,,,253952.0,23142415.02683363,448386.40429338097,
TC-VM-07,cmembw100,2025-04-14,2025-04-14 15:49:07,e830d8a242a6b384b1722153c08b58510bbbd0c619d040203a07541384f9f9ee,socialnetwork_app_user-timeline-service_1,0.2466791323859401,11546624.0,,,253952.0,25143301.421091996,469884.8167539267,
TC-VM-07,cmembw100,2025-04-14,2025-04-14 15:49:12,e830d8a242a6b384b1722153c08b58510bbbd0c619d040203a07541384f9f9ee,socialnetwork_app_user-timeline-service_1,0.25218119364534197,11661312.0,,,253952.0,25590003.864319447,483495.06225848,
TC-VM-07,cmembw100,2025-04-14,2025-04-14 15:49:17,e830d8a242a6b384b1722153c08b58510bbbd0c619d040203a07541384f9f9ee,socialnetwork_app_user-timeline-service_1,0.24275656108597082,11800576.0,,,253952.0,24714130.31674208,470074.2081447964,
TC-VM-07,cmembw100,2025-04-14,2025-04-14 15:49:22,e830d8a242a6b384b1722153c08b58510bbbd0c619d040203a07541384f9f9ee,socialnetwork_app_user-timeline-service_1,0.2531556694426668,12001280.0,,,253952.0,26595031.39013453,482594.49071108265,
TC-VM-07,cmembw100,2025-04-14,2025-04-14 15:48:12,eb111852bf8252fc8406b6c6eb512f271bfc3e0985e79b9fbca62f20d9c73ed3,socialnetwork_app_url-shorten-memcached_1,0.0001307339449540682,1794048.0,,,40960.0,0.0,0.0,
TC-VM-07,cmembw100,2025-04-14,2025-04-14 15:48:17,eb111852bf8252fc8406b6c6eb512f271bfc3e0985e79b9fbca62f20d9c73ed3,socialnetwork_app_url-shorten-memcached_1,0.00014210919970075728,1794048.0,,,40960.0,0.0,0.0,
TC-VM-07,cmembw100,2025-04-14,2025-04-14 15:48:22,eb111852bf8252fc8406b6c6eb512f271bfc3e0985e79b9fbca62f20d9c73ed3,socialnetwork_app_url-shorten-memcached_1,0.00013249126578878707,1794048.0,,,40960.0,0.0,0.0,
TC-VM-07,cmembw100,2025-04-14,2025-04-14 15:48:27,eb111852bf8252fc8406b6c6eb512f271bfc3e0985e79b9fbca62f20d9c73ed3,socialnetwork_app_url-shorten-memcached_1,0.00017453580901858023,1794048.0,,,40960.0,0.0,0.0,
TC-VM-07,cmembw100,2025-04-14,2025-04-14 15:48:32,eb111852bf8252fc8406b6c6eb512f271bfc3e0985e79b9fbca62f20d9c73ed3,socialnetwork_app_url-shorten-memcached_1,0.0001658246656760946,1794048.0,,,40960.0,0.0,0.0,
TC-VM-07,cmembw100,2025-04-14,2025-04-14 15:48:37,eb111852bf8252fc8406b6c6eb512f271bfc3e0985e79b9fbca62f20d9c73ed3,socialnetwork_app_url-shorten-memcached_1,0.00013551401869155754,1794048.0,,,40960.0,0.0,0.0,
TC-VM-07,cmembw100,2025-04-14,2025-04-14 15:48:42,eb111852bf8252fc8406b6c6eb512f271bfc3e0985e79b9fbca62f20d9c73ed3,socialnetwork_app_url-shorten-memcached_1,0.00014092734574662193,1630208.0,,,40960.0,0.0,0.0,
TC-VM-07,cmembw100,2025-04-14,2025-04-14 15:48:47,eb111852bf8252fc8406b6c6eb512f271bfc3e0985e79b9fbca62f20d9c73ed3,socialnetwork_app_url-shorten-memcached_1,0.0001553760099439785,1630208.0,,,40960.0,0.0,0.0,
TC-VM-07,cmembw100,2025-04-14,2025-04-14 15:48:52,eb111852bf8252fc8406b6c6eb512f271bfc3e0985e79b9fbca62f20d9c73ed3,socialnetwork_app_url-shorten-memcached_1,0.00016332179930789132,1269760.0,,,40960.0,0.0,0.0,
TC-VM-07,cmembw100,2025-04-14,2025-04-14 15:48:57,eb111852bf8252fc8406b6c6eb512f271bfc3e0985e79b9fbca62f20d9c73ed3,socialnetwork_app_url-shorten-memcached_1,0.0001630286493860015,1216512.0,,,40960.0,0.0,0.0,
TC-VM-07,cmembw100,2025-04-14,2025-04-14 15:49:02,eb111852bf8252fc8406b6c6eb512f271bfc3e0985e79b9fbca62f20d9c73ed3,socialnetwork_app_url-shorten-memcached_1,0.00016816720257236374,1216512.0,,,40960.0,0.0,0.0,
TC-VM-07,cmembw100,2025-04-14,2025-04-14 15:49:07,eb111852bf8252fc8406b6c6eb512f271bfc3e0985e79b9fbca62f20d9c73ed3,socialnetwork_app_url-shorten-memcached_1,0.00013379204892952155,1216512.0,,,40960.0,0.0,0.0,
TC-VM-07,cmembw100,2025-04-14,2025-04-14 15:49:12,eb111852bf8252fc8406b6c6eb512f271bfc3e0985e79b9fbca62f20d9c73ed3,socialnetwork_app_url-shorten-memcached_1,0.00013926499032874466,1216512.0,,,40960.0,0.0,0.0,
TC-VM-07,cmembw100,2025-04-14,2025-04-14 15:49:17,eb111852bf8252fc8406b6c6eb512f271bfc3e0985e79b9fbca62f20d9c73ed3,socialnetwork_app_url-shorten-memcached_1,0.00011963654719840622,1216512.0,,,40960.0,0.0,0.0,
TC-VM-07,cmembw100,2025-04-14,2025-04-14 15:49:22,eb111852bf8252fc8406b6c6eb512f271bfc3e0985e79b9fbca62f20d9c73ed3,socialnetwork_app_url-shorten-memcached_1,0.00011425381466321446,1216512.0,,,40960.0,0.0,0.0,
TC-VM-07,cmembw100,2025-04-14,2025-04-14 15:48:12,eb3206551e5d713823393780833b93d225feb7b2d051c725d1ec1556ffcf57dd,socialnetwork_app_compose-post-service_1,0.0,7946240.0,,,258048.0,0.0,0.0,
TC-VM-07,cmembw100,2025-04-14,2025-04-14 15:48:17,eb3206551e5d713823393780833b93d225feb7b2d051c725d1ec1556ffcf57dd,socialnetwork_app_compose-post-service_1,,7946240.0,,,258048.0,,,
TC-VM-07,cmembw100,2025-04-14,2025-04-14 15:48:22,eb3206551e5d713823393780833b93d225feb7b2d051c725d1ec1556ffcf57dd,socialnetwork_app_compose-post-service_1,0.0,7938048.0,,,258048.0,0.0,0.0,
TC-VM-07,cmembw100,2025-04-14,2025-04-14 15:48:27,eb3206551e5d713823393780833b93d225feb7b2d051c725d1ec1556ffcf57dd,socialnetwork_app_compose-post-service_1,,15618048.0,,,258048.0,,,
TC-VM-07,cmembw100,2025-04-14,2025-04-14 15:48:32,eb3206551e5d713823393780833b93d225feb7b2d051c725d1ec1556ffcf57dd,socialnetwork_app_compose-post-service_1,0.8895365720524036,16310272.0,,,258048.0,1764547.4890829693,2369787.11790393,
TC-VM-07,cmembw100,2025-04-14,2025-04-14 15:48:37,eb3206551e5d713823393780833b93d225feb7b2d051c725d1ec1556ffcf57dd,socialnetwork_app_compose-post-service_1,0.9348493554327817,16179200.0,,,258048.0,1875862.9834254144,2551872.9281767956,
TC-VM-07,cmembw100,2025-04-14,2025-04-14 15:48:42,eb3206551e5d713823393780833b93d225feb7b2d051c725d1ec1556ffcf57dd,socialnetwork_app_compose-post-service_1,0.8520547019053442,15970304.0,,,262144.0,1746354.6404425323,2314404.42532268,
TC-VM-07,cmembw100,2025-04-14,2025-04-14 15:48:47,eb3206551e5d713823393780833b93d225feb7b2d051c725d1ec1556ffcf57dd,socialnetwork_app_compose-post-service_1,,15077376.0,,,262144.0,,,
TC-VM-07,cmembw100,2025-04-14,2025-04-14 15:48:52,eb3206551e5d713823393780833b93d225feb7b2d051c725d1ec1556ffcf57dd,socialnetwork_app_compose-post-service_1,0.8095120852109824,17014784.0,,,262144.0,1665649.3240475217,2245215.48545678,
TC-VM-07,cmembw100,2025-04-14,2025-04-14 15:48:57,eb3206551e5d713823393780833b93d225feb7b2d051c725d1ec1556ffcf57dd,socialnetwork_app_compose-post-service_1,0.8187494553376999,16678912.0,,,262144.0,1682008.7145969498,2228837.145969499,
TC-VM-07,cmembw100,2025-04-14,2025-04-14 15:49:02,eb3206551e5d713823393780833b93d225feb7b2d051c725d1ec1556ffcf57dd,socialnetwork_app_compose-post-service_1,0.8415335043283179,16465920.0,,,262144.0,1691182.109650529,2253955.1138185314,
TC-VM-07,cmembw100,2025-04-14,2025-04-14 15:49:07,eb3206551e5d713823393780833b93d225feb7b2d051c725d1ec1556ffcf57dd,socialnetwork_app_compose-post-service_1,0.8546591349257631,16334848.0,,,262144.0,1709624.273724984,2328572.627501614,
TC-VM-07,cmembw100,2025-04-14,2025-04-14 15:49:12,eb3206551e5d713823393780833b93d225feb7b2d051c725d1ec1556ffcf57dd,socialnetwork_app_compose-post-service_1,0.8967737580993611,17850368.0,,,262144.0,1766507.0194384449,2338070.194384449,
TC-VM-07,cmembw100,2025-04-14,2025-04-14 15:49:17,eb3206551e5d713823393780833b93d225feb7b2d051c725d1ec1556ffcf57dd,socialnetwork_app_compose-post-service_1,0.8719656203288404,15691776.0,,,262144.0,1722162.9297458893,2290391.6292974586,
TC-VM-07,cmembw100,2025-04-14,2025-04-14 15:49:22,eb3206551e5d713823393780833b93d225feb7b2d051c725d1ec1556ffcf57dd,socialnetwork_app_compose-post-service_1,0.892159257175009,16863232.0,,,262144.0,1777438.3792909398,2373443.444006753,
TC-VM-07,cmembw100,2025-04-14,2025-04-14 15:48:12,eeac02fe73908404bb807e3b42ac2c8ffee3036841330c9a4216ad385b019837,socialnetwork_app_post-storage-memcached_1,0.000115853658536532,3399680.0,,,40960.0,0.0,0.0,
TC-VM-07,cmembw100,2025-04-14,2025-04-14 15:48:17,eeac02fe73908404bb807e3b42ac2c8ffee3036841330c9a4216ad385b019837,socialnetwork_app_post-storage-memcached_1,0.00017735220649460343,3399680.0,,,40960.0,0.0,0.0,
TC-VM-07,cmembw100,2025-04-14,2025-04-14 15:48:22,eeac02fe73908404bb807e3b42ac2c8ffee3036841330c9a4216ad385b019837,socialnetwork_app_post-storage-memcached_1,0.00011439393939394866,3399680.0,,,40960.0,0.0,0.0,
TC-VM-07,cmembw100,2025-04-14,2025-04-14 15:48:27,eeac02fe73908404bb807e3b42ac2c8ffee3036841330c9a4216ad385b019837,socialnetwork_app_post-storage-memcached_1,0.00015428900402989922,3399680.0,,,40960.0,0.0,0.0,
TC-VM-07,cmembw100,2025-04-14,2025-04-14 15:48:32,eeac02fe73908404bb807e3b42ac2c8ffee3036841330c9a4216ad385b019837,socialnetwork_app_post-storage-memcached_1,0.0001401929260449778,3399680.0,,,40960.0,0.0,0.0,
TC-VM-07,cmembw100,2025-04-14,2025-04-14 15:48:37,eeac02fe73908404bb807e3b42ac2c8ffee3036841330c9a4216ad385b019837,socialnetwork_app_post-storage-memcached_1,0.0001439010680157583,3399680.0,,,40960.0,0.0,0.0,
TC-VM-07,cmembw100,2025-04-14,2025-04-14 15:48:42,eeac02fe73908404bb807e3b42ac2c8ffee3036841330c9a4216ad385b019837,socialnetwork_app_post-storage-memcached_1,0.0001440642163076243,3297280.0,,,40960.0,0.0,0.0,
TC-VM-07,cmembw100,2025-04-14,2025-04-14 15:48:47,eeac02fe73908404bb807e3b42ac2c8ffee3036841330c9a4216ad385b019837,socialnetwork_app_post-storage-memcached_1,0.00016942384483741686,3297280.0,,,40960.0,0.0,0.0,
TC-VM-07,cmembw100,2025-04-14,2025-04-14 15:48:52,eeac02fe73908404bb807e3b42ac2c8ffee3036841330c9a4216ad385b019837,socialnetwork_app_post-storage-memcached_1,0.000130265716137471,2994176.0,,,40960.0,0.0,0.0,
TC-VM-07,cmembw100,2025-04-14,2025-04-14 15:48:57,eeac02fe73908404bb807e3b42ac2c8ffee3036841330c9a4216ad385b019837,socialnetwork_app_post-storage-memcached_1,0.00013381555153703703,2990080.0,,,40960.0,0.0,0.0,
TC-VM-07,cmembw100,2025-04-14,2025-04-14 15:49:02,eeac02fe73908404bb807e3b42ac2c8ffee3036841330c9a4216ad385b019837,socialnetwork_app_post-storage-memcached_1,0.0001399999999999021,2990080.0,,,40960.0,0.0,0.0,
TC-VM-07,cmembw100,2025-04-14,2025-04-14 15:49:07,eeac02fe73908404bb807e3b42ac2c8ffee3036841330c9a4216ad385b019837,socialnetwork_app_post-storage-memcached_1,0.00023883495145628005,2990080.0,,,40960.0,0.0,0.0,
TC-VM-07,cmembw100,2025-04-14,2025-04-14 15:49:12,eeac02fe73908404bb807e3b42ac2c8ffee3036841330c9a4216ad385b019837,socialnetwork_app_post-storage-memcached_1,0.00018882415254242206,2736128.0,,,40960.0,0.0,0.0,
TC-VM-07,cmembw100,2025-04-14,2025-04-14 15:49:17,eeac02fe73908404bb807e3b42ac2c8ffee3036841330c9a4216ad385b019837,socialnetwork_app_post-storage-memcached_1,0.00012622036262202702,2727936.0,,,40960.0,0.0,0.0,
TC-VM-07,cmembw100,2025-04-14,2025-04-14 15:49:22,eeac02fe73908404bb807e3b42ac2c8ffee3036841330c9a4216ad385b019837,socialnetwork_app_post-storage-memcached_1,0.0001471571906354749,2478080.0,,,40960.0,0.0,0.0,
TC-VM-07,cmembw100,2025-04-14,2025-04-14 15:48:12,f418ba3c1f0b9efcfea42f8a0f1742e6f6e298bcb51aaf19832436a6a78e8043,socialnetwork_app_home-timeline-redis_1,0.00442585227272797,3573653504.0,,,94208.0,0.0,0.0,
TC-VM-07,cmembw100,2025-04-14,2025-04-14 15:48:17,f418ba3c1f0b9efcfea42f8a0f1742e6f6e298bcb51aaf19832436a6a78e8043,socialnetwork_app_home-timeline-redis_1,0.0042728155339819725,3573915648.0,,,94208.0,0.0,0.0,
TC-VM-07,cmembw100,2025-04-14,2025-04-14 15:48:22,f418ba3c1f0b9efcfea42f8a0f1742e6f6e298bcb51aaf19832436a6a78e8043,socialnetwork_app_home-timeline-redis_1,0.003115428140328014,3573653504.0,,,94208.0,0.0,0.0,
TC-VM-07,cmembw100,2025-04-14,2025-04-14 15:48:27,f418ba3c1f0b9efcfea42f8a0f1742e6f6e298bcb51aaf19832436a6a78e8043,socialnetwork_app_home-timeline-redis_1,0.49947468770546144,3586490368.0,,,94208.0,2516003.28731098,190452.33399079554,
TC-VM-07,cmembw100,2025-04-14,2025-04-14 15:48:32,f418ba3c1f0b9efcfea42f8a0f1742e6f6e298bcb51aaf19832436a6a78e8043,socialnetwork_app_home-timeline-redis_1,0.48122665267575615,3599921152.0,,,94208.0,2477146.9045120673,190058.76180482688,
TC-VM-07,cmembw100,2025-04-14,2025-04-14 15:48:37,f418ba3c1f0b9efcfea42f8a0f1742e6f6e298bcb51aaf19832436a6a78e8043,socialnetwork_app_home-timeline-redis_1,0.4780627376425882,3619098624.0,,,94208.0,2498859.3155893534,188155.89353612167,
TC-VM-07,cmembw100,2025-04-14,2025-04-14 15:48:42,f418ba3c1f0b9efcfea42f8a0f1742e6f6e298bcb51aaf19832436a6a78e8043,socialnetwork_app_home-timeline-redis_1,0.46340000000000475,3613446144.0,,,94208.0,2456069.0607734807,188992.26519337017,
TC-VM-07,cmembw100,2025-04-14,2025-04-14 15:48:47,f418ba3c1f0b9efcfea42f8a0f1742e6f6e298bcb51aaf19832436a6a78e8043,socialnetwork_app_home-timeline-redis_1,0.4427243478260919,3634417664.0,,,94208.0,2239400.0,175330.4347826087,
TC-VM-07,cmembw100,2025-04-14,2025-04-14 15:48:52,f418ba3c1f0b9efcfea42f8a0f1742e6f6e298bcb51aaf19832436a6a78e8043,socialnetwork_app_home-timeline-redis_1,1.1546031344792798,3806420992.0,,,94208.0,2330514.155712841,178967.6440849343,
TC-VM-07,cmembw100,2025-04-14,2025-04-14 15:48:57,f418ba3c1f0b9efcfea42f8a0f1742e6f6e298bcb51aaf19832436a6a78e8043,socialnetwork_app_home-timeline-redis_1,1.0157892331132568,3820388352.0,,,94208.0,2329989.8425596748,177692.22955815133,
TC-VM-07,cmembw100,2025-04-14,2025-04-14 15:49:02,f418ba3c1f0b9efcfea42f8a0f1742e6f6e298bcb51aaf19832436a6a78e8043,socialnetwork_app_home-timeline-redis_1,0.9868126102292757,3774709760.0,,,94208.0,2227066.5784832453,173034.39153439156,
TC-VM-07,cmembw100,2025-04-14,2025-04-14 15:49:07,f418ba3c1f0b9efcfea42f8a0f1742e6f6e298bcb51aaf19832436a6a78e8043,socialnetwork_app_home-timeline-redis_1,0.8189006690684402,3704291328.0,,,94208.0,2475665.9804426143,188026.76273803395,
TC-VM-07,cmembw100,2025-04-14,2025-04-14 15:49:12,f418ba3c1f0b9efcfea42f8a0f1742e6f6e298bcb51aaf19832436a6a78e8043,socialnetwork_app_home-timeline-redis_1,0.49131113138686155,3721318400.0,,,94208.0,2538658.759124087,191656.93430656934,
TC-VM-07,cmembw100,2025-04-14,2025-04-14 15:49:17,f418ba3c1f0b9efcfea42f8a0f1742e6f6e298bcb51aaf19832436a6a78e8043,socialnetwork_app_home-timeline-redis_1,0.49127439024390346,3738341376.0,,,94208.0,2389548.780487805,182953.9295392954,
TC-VM-07,cmembw100,2025-04-14,2025-04-14 15:49:22,f418ba3c1f0b9efcfea42f8a0f1742e6f6e298bcb51aaf19832436a6a78e8043,socialnetwork_app_home-timeline-redis_1,0.4846757540603194,3752648704.0,,,94208.0,2455562.645011601,188462.8770301624,
