TestCaseID,Interference,Date,Timestamp,Container_ID,Container_Name,CPU_Usage,Memory_Usage,Disk_IO_Read,Disk_IO_Write,FS Usage,Net_IO_In,Net_IO_Out,Processes
TC-VM-07,cpu100,2025-04-12,2025-04-12 19:05:35,0205185befff7ac438627fc14355ce2926f0f762048bc1846cc93e13b3617b82,socialnetwork_app_media-mongodb_1,0.0040401854714065,14139392.0,,,290816.0,0.0,0.0,
TC-VM-07,cpu100,2025-04-12,2025-04-12 19:05:40,0205185befff7ac438627fc14355ce2926f0f762048bc1846cc93e13b3617b82,socialnetwork_app_media-mongodb_1,0.0082930019620664,14139392.0,,,290816.0,0.0,0.0,
TC-VM-07,cpu100,2025-04-12,2025-04-12 19:05:45,0205185befff7ac438627fc14355ce2926f0f762048bc1846cc93e13b3617b82,socialnetwork_app_media-mongodb_1,0.001706371191136,14139392.0,,,290816.0,0.0,0.0,
TC-VM-07,cpu100,2025-04-12,2025-04-12 19:05:50,0205185befff7ac438627fc14355ce2926f0f762048bc1846cc93e13b3617b82,socialnetwork_app_media-mongodb_1,0.0031830409356723,14135296.0,,,290816.0,0.0,0.0,
TC-VM-07,cpu100,2025-04-12,2025-04-12 19:05:55,0205185befff7ac438627fc14355ce2926f0f762048bc1846cc93e13b3617b82,socialnetwork_app_media-mongodb_1,0.0025140913508278,14143488.0,,,290816.0,0.0,0.0,
TC-VM-07,cpu100,2025-04-12,2025-04-12 19:06:00,0205185befff7ac438627fc14355ce2926f0f762048bc1846cc93e13b3617b82,socialnetwork_app_media-mongodb_1,0.0038052415210681,14163968.0,,,290816.0,0.0,0.0,
TC-VM-07,cpu100,2025-04-12,2025-04-12 19:06:05,0205185befff7ac438627fc14355ce2926f0f762048bc1846cc93e13b3617b82,socialnetwork_app_media-mongodb_1,0.002087851750172,14163968.0,,,290816.0,0.0,0.0,
TC-VM-07,cpu100,2025-04-12,2025-04-12 19:06:10,0205185befff7ac438627fc14355ce2926f0f762048bc1846cc93e13b3617b82,socialnetwork_app_media-mongodb_1,0.0043550228310496,14163968.0,,,290816.0,0.0,0.0,
TC-VM-07,cpu100,2025-04-12,2025-04-12 19:06:15,0205185befff7ac438627fc14355ce2926f0f762048bc1846cc93e13b3617b82,socialnetwork_app_media-mongodb_1,0.0022840466926076,14163968.0,,,290816.0,0.0,0.0,
TC-VM-07,cpu100,2025-04-12,2025-04-12 19:06:20,0205185befff7ac438627fc14355ce2926f0f762048bc1846cc93e13b3617b82,socialnetwork_app_media-mongodb_1,0.0036838608831569,14184448.0,,,290816.0,0.0,0.0,
TC-VM-07,cpu100,2025-04-12,2025-04-12 19:06:25,0205185befff7ac438627fc14355ce2926f0f762048bc1846cc93e13b3617b82,socialnetwork_app_media-mongodb_1,0.0021540195341862,14184448.0,,,290816.0,0.0,0.0,
TC-VM-07,cpu100,2025-04-12,2025-04-12 19:06:30,0205185befff7ac438627fc14355ce2926f0f762048bc1846cc93e13b3617b82,socialnetwork_app_media-mongodb_1,0.0042347266881036,14184448.0,,,290816.0,0.0,0.0,
TC-VM-07,cpu100,2025-04-12,2025-04-12 19:06:35,0205185befff7ac438627fc14355ce2926f0f762048bc1846cc93e13b3617b82,socialnetwork_app_media-mongodb_1,0.0021968664850139,14184448.0,,,290816.0,0.0,0.0,
TC-VM-07,cpu100,2025-04-12,2025-04-12 19:06:40,0205185befff7ac438627fc14355ce2926f0f762048bc1846cc93e13b3617b82,socialnetwork_app_media-mongodb_1,0.0022274999999982,14184448.0,,,290816.0,0.0,0.0,
TC-VM-07,cpu100,2025-04-12,2025-04-12 19:06:45,0205185befff7ac438627fc14355ce2926f0f762048bc1846cc93e13b3617b82,socialnetwork_app_media-mongodb_1,0.0025889679715302,14184448.0,,,290816.0,0.0,0.0,
TC-VM-07,cpu100,2025-04-12,2025-04-12 19:05:35,063fe4f75fba4a3a1afacddd1ca633a88a6dd898d7a833f0c3e44a48b42fbafd,socialnetwork_app_user-mongodb_1,0.0038934142114385,19927040.0,,,602112.0,0.0,0.0,
TC-VM-07,cpu100,2025-04-12,2025-04-12 19:05:40,063fe4f75fba4a3a1afacddd1ca633a88a6dd898d7a833f0c3e44a48b42fbafd,socialnetwork_app_user-mongodb_1,0.0068419913419903,20172800.0,,,602112.0,102.8138528138528,208.3333333333333,
TC-VM-07,cpu100,2025-04-12,2025-04-12 19:05:45,063fe4f75fba4a3a1afacddd1ca633a88a6dd898d7a833f0c3e44a48b42fbafd,socialnetwork_app_user-mongodb_1,0.0019878903760344,19927040.0,,,602112.0,0.0,0.0,
TC-VM-07,cpu100,2025-04-12,2025-04-12 19:05:50,063fe4f75fba4a3a1afacddd1ca633a88a6dd898d7a833f0c3e44a48b42fbafd,socialnetwork_app_user-mongodb_1,0.0026698970321026,19927040.0,,,602112.0,195.0333131435493,313.1435493640218,
TC-VM-07,cpu100,2025-04-12,2025-04-12 19:05:55,063fe4f75fba4a3a1afacddd1ca633a88a6dd898d7a833f0c3e44a48b42fbafd,socialnetwork_app_user-mongodb_1,0.0028126635269496,19935232.0,,,602112.0,0.0,0.0,
TC-VM-07,cpu100,2025-04-12,2025-04-12 19:06:00,063fe4f75fba4a3a1afacddd1ca633a88a6dd898d7a833f0c3e44a48b42fbafd,socialnetwork_app_user-mongodb_1,0.0023484126984131,19935232.0,,,602112.0,150.79365079365078,305.55555555555554,
TC-VM-07,cpu100,2025-04-12,2025-04-12 19:06:05,063fe4f75fba4a3a1afacddd1ca633a88a6dd898d7a833f0c3e44a48b42fbafd,socialnetwork_app_user-mongodb_1,0.0027724024189098,19935232.0,,,602112.0,0.0,0.0,
TC-VM-07,cpu100,2025-04-12,2025-04-12 19:06:10,063fe4f75fba4a3a1afacddd1ca633a88a6dd898d7a833f0c3e44a48b42fbafd,socialnetwork_app_user-mongodb_1,0.0027819063004832,19935232.0,,,602112.0,153.47334410339258,310.9854604200323,
TC-VM-07,cpu100,2025-04-12,2025-04-12 19:06:15,063fe4f75fba4a3a1afacddd1ca633a88a6dd898d7a833f0c3e44a48b42fbafd,socialnetwork_app_user-mongodb_1,0.002531198415319,19939328.0,,,602112.0,0.0,0.0,
TC-VM-07,cpu100,2025-04-12,2025-04-12 19:06:20,063fe4f75fba4a3a1afacddd1ca633a88a6dd898d7a833f0c3e44a48b42fbafd,socialnetwork_app_user-mongodb_1,0.0037329073482436,19939328.0,,,602112.0,60.70287539936103,123.00319488817892,
TC-VM-07,cpu100,2025-04-12,2025-04-12 19:06:25,063fe4f75fba4a3a1afacddd1ca633a88a6dd898d7a833f0c3e44a48b42fbafd,socialnetwork_app_user-mongodb_1,0.0026689154125585,19939328.0,,,602112.0,0.0,0.0,
TC-VM-07,cpu100,2025-04-12,2025-04-12 19:06:30,063fe4f75fba4a3a1afacddd1ca633a88a6dd898d7a833f0c3e44a48b42fbafd,socialnetwork_app_user-mongodb_1,0.0024565460649006,19939328.0,,,602112.0,70.86907870197687,143.60313315926894,
TC-VM-07,cpu100,2025-04-12,2025-04-12 19:06:35,063fe4f75fba4a3a1afacddd1ca633a88a6dd898d7a833f0c3e44a48b42fbafd,socialnetwork_app_user-mongodb_1,0.0030568783068767,19939328.0,,,602112.0,0.0,0.0,
TC-VM-07,cpu100,2025-04-12,2025-04-12 19:06:40,063fe4f75fba4a3a1afacddd1ca633a88a6dd898d7a833f0c3e44a48b42fbafd,socialnetwork_app_user-mongodb_1,0.0026972806567471,19939328.0,,,602112.0,0.0,0.0,
TC-VM-07,cpu100,2025-04-12,2025-04-12 19:06:45,063fe4f75fba4a3a1afacddd1ca633a88a6dd898d7a833f0c3e44a48b42fbafd,socialnetwork_app_user-mongodb_1,0.0027468969239086,19939328.0,,,602112.0,0.0,0.0,
TC-VM-07,cpu100,2025-04-12,2025-04-12 19:05:35,0a6fd8f084a0218dd52f50fbf46e91ced84e691eab2b7093132192b9fc0fed4f,socialnetwork_app_unique-id-service_1,0.0,3178496.0,,,94208.0,0.0,0.0,
TC-VM-07,cpu100,2025-04-12,2025-04-12 19:05:40,0a6fd8f084a0218dd52f50fbf46e91ced84e691eab2b7093132192b9fc0fed4f,socialnetwork_app_unique-id-service_1,,3178496.0,,,94208.0,,,
TC-VM-07,cpu100,2025-04-12,2025-04-12 19:05:45,0a6fd8f084a0218dd52f50fbf46e91ced84e691eab2b7093132192b9fc0fed4f,socialnetwork_app_unique-id-service_1,,3178496.0,,,94208.0,,,
TC-VM-07,cpu100,2025-04-12,2025-04-12 19:05:50,0a6fd8f084a0218dd52f50fbf46e91ced84e691eab2b7093132192b9fc0fed4f,socialnetwork_app_unique-id-service_1,,3178496.0,,,94208.0,,,
TC-VM-07,cpu100,2025-04-12,2025-04-12 19:05:55,0a6fd8f084a0218dd52f50fbf46e91ced84e691eab2b7093132192b9fc0fed4f,socialnetwork_app_unique-id-service_1,,3117056.0,,,94208.0,,,
TC-VM-07,cpu100,2025-04-12,2025-04-12 19:06:00,0a6fd8f084a0218dd52f50fbf46e91ced84e691eab2b7093132192b9fc0fed4f,socialnetwork_app_unique-id-service_1,0.0754164948453614,3153920.0,,,94208.0,198224.22680412373,143284.53608247422,
TC-VM-07,cpu100,2025-04-12,2025-04-12 19:06:05,0a6fd8f084a0218dd52f50fbf46e91ced84e691eab2b7093132192b9fc0fed4f,socialnetwork_app_unique-id-service_1,0.0729308474576261,3149824.0,,,94208.0,191359.3220338983,150154.57627118644,
TC-VM-07,cpu100,2025-04-12,2025-04-12 19:06:10,0a6fd8f084a0218dd52f50fbf46e91ced84e691eab2b7093132192b9fc0fed4f,socialnetwork_app_unique-id-service_1,0.0760183727034122,3035136.0,,,94208.0,200570.8661417323,153831.36482939633,
TC-VM-07,cpu100,2025-04-12,2025-04-12 19:06:15,0a6fd8f084a0218dd52f50fbf46e91ced84e691eab2b7093132192b9fc0fed4f,socialnetwork_app_unique-id-service_1,0.0748204057279224,3178496.0,,,94208.0,198144.39140811452,148573.98568019093,
TC-VM-07,cpu100,2025-04-12,2025-04-12 19:06:20,0a6fd8f084a0218dd52f50fbf46e91ced84e691eab2b7093132192b9fc0fed4f,socialnetwork_app_unique-id-service_1,0.0740350404312672,3112960.0,,,94208.0,199476.41509433964,132141.84636118598,
TC-VM-07,cpu100,2025-04-12,2025-04-12 19:06:25,0a6fd8f084a0218dd52f50fbf46e91ced84e691eab2b7093132192b9fc0fed4f,socialnetwork_app_unique-id-service_1,0.0712949816401477,3252224.0,,,94208.0,190060.58751529988,145269.88984088128,
TC-VM-07,cpu100,2025-04-12,2025-04-12 19:06:30,0a6fd8f084a0218dd52f50fbf46e91ced84e691eab2b7093132192b9fc0fed4f,socialnetwork_app_unique-id-service_1,0.0697985159817351,3149824.0,,,94208.0,190383.5616438356,104831.62100456622,
TC-VM-07,cpu100,2025-04-12,2025-04-12 19:06:35,0a6fd8f084a0218dd52f50fbf46e91ced84e691eab2b7093132192b9fc0fed4f,socialnetwork_app_unique-id-service_1,0.0637681451612896,3284992.0,,,94208.0,170683.46774193548,94083.16532258064,
TC-VM-07,cpu100,2025-04-12,2025-04-12 19:06:40,0a6fd8f084a0218dd52f50fbf46e91ced84e691eab2b7093132192b9fc0fed4f,socialnetwork_app_unique-id-service_1,0.064375,3219456.0,,,94208.0,171323.7951807229,127498.99598393576,
TC-VM-07,cpu100,2025-04-12,2025-04-12 19:06:45,0a6fd8f084a0218dd52f50fbf46e91ced84e691eab2b7093132192b9fc0fed4f,socialnetwork_app_unique-id-service_1,0.0621846607669631,3149824.0,,,94208.0,167302.65486725664,131037.16814159292,
TC-VM-07,cpu100,2025-04-12,2025-04-12 19:05:35,0f3c24833adc183e35730c0ccdf10f581d61f7951f6c777996d29b835ba1e90e,socialnetwork_app_post-storage-mongodb_1,0.0034068278805119,313290752.0,,,344064.0,0.0,0.0,
TC-VM-07,cpu100,2025-04-12,2025-04-12 19:05:40,0f3c24833adc183e35730c0ccdf10f581d61f7951f6c777996d29b835ba1e90e,socialnetwork_app_post-storage-mongodb_1,0.0055066815144732,313290752.0,,,344064.0,70.52709725315516,142.9101707498144,
TC-VM-07,cpu100,2025-04-12,2025-04-12 19:05:45,0f3c24833adc183e35730c0ccdf10f581d61f7951f6c777996d29b835ba1e90e,socialnetwork_app_post-storage-mongodb_1,0.0019919743178174,313290752.0,,,344064.0,0.0,0.0,
TC-VM-07,cpu100,2025-04-12,2025-04-12 19:05:50,0f3c24833adc183e35730c0ccdf10f581d61f7951f6c777996d29b835ba1e90e,socialnetwork_app_post-storage-mongodb_1,0.2087293632075476,317333504.0,,,344064.0,1583636.202830189,147851.41509433964,
TC-VM-07,cpu100,2025-04-12,2025-04-12 19:05:55,0f3c24833adc183e35730c0ccdf10f581d61f7951f6c777996d29b835ba1e90e,socialnetwork_app_post-storage-mongodb_1,0.1970334394904471,329621504.0,,,344064.0,1600311.0403397027,149175.1592356688,
TC-VM-07,cpu100,2025-04-12,2025-04-12 19:06:00,0f3c24833adc183e35730c0ccdf10f581d61f7951f6c777996d29b835ba1e90e,socialnetwork_app_post-storage-mongodb_1,0.1956184357541876,334499840.0,,,344064.0,1568165.3631284917,146777.65363128492,
TC-VM-07,cpu100,2025-04-12,2025-04-12 19:06:05,0f3c24833adc183e35730c0ccdf10f581d61f7951f6c777996d29b835ba1e90e,socialnetwork_app_post-storage-mongodb_1,0.1979730021598287,340176896.0,,,344064.0,1582053.455723542,146735.96112311014,
TC-VM-07,cpu100,2025-04-12,2025-04-12 19:06:10,0f3c24833adc183e35730c0ccdf10f581d61f7951f6c777996d29b835ba1e90e,socialnetwork_app_post-storage-mongodb_1,0.2096411483253578,346439680.0,,,344064.0,1677082.40297714,156083.466241361,
TC-VM-07,cpu100,2025-04-12,2025-04-12 19:06:15,0f3c24833adc183e35730c0ccdf10f581d61f7951f6c777996d29b835ba1e90e,socialnetwork_app_post-storage-mongodb_1,0.1954599177800604,353738752.0,,,344064.0,1580960.4316546763,148180.8838643371,
TC-VM-07,cpu100,2025-04-12,2025-04-12 19:06:20,0f3c24833adc183e35730c0ccdf10f581d61f7951f6c777996d29b835ba1e90e,socialnetwork_app_post-storage-mongodb_1,0.1963194549583646,358891520.0,,,344064.0,1583679.7880393642,148531.4155942468,
TC-VM-07,cpu100,2025-04-12,2025-04-12 19:06:25,0f3c24833adc183e35730c0ccdf10f581d61f7951f6c777996d29b835ba1e90e,socialnetwork_app_post-storage-mongodb_1,0.193345294515904,364052480.0,,,344064.0,1572716.993906567,146047.3933649289,
TC-VM-07,cpu100,2025-04-12,2025-04-12 19:06:30,0f3c24833adc183e35730c0ccdf10f581d61f7951f6c777996d29b835ba1e90e,socialnetwork_app_post-storage-mongodb_1,0.1837960937499994,372453376.0,,,344064.0,1500994.140625,140150.78125,
TC-VM-07,cpu100,2025-04-12,2025-04-12 19:06:35,0f3c24833adc183e35730c0ccdf10f581d61f7951f6c777996d29b835ba1e90e,socialnetwork_app_post-storage-mongodb_1,0.1746362275449155,376459264.0,,,344064.0,1415989.5209580837,132226.7964071856,
TC-VM-07,cpu100,2025-04-12,2025-04-12 19:06:40,0f3c24833adc183e35730c0ccdf10f581d61f7951f6c777996d29b835ba1e90e,socialnetwork_app_post-storage-mongodb_1,0.2137256606397744,421126144.0,,,344064.0,1401681.8497913769,130441.93324061196,
TC-VM-07,cpu100,2025-04-12,2025-04-12 19:06:45,0f3c24833adc183e35730c0ccdf10f581d61f7951f6c777996d29b835ba1e90e,socialnetwork_app_post-storage-mongodb_1,0.164661725067389,424189952.0,,,344064.0,1330237.8706199462,123448.7870619946,
TC-VM-07,cpu100,2025-04-12,2025-04-12 19:05:35,16ca4b7fe7d911364fc3031c9ce55931cdf62144268d6435cd4a7645b1149d5c,socialnetwork_app_post-storage-service_1,0.0,5480448.0,,,131072.0,0.0,0.0,
TC-VM-07,cpu100,2025-04-12,2025-04-12 19:05:40,16ca4b7fe7d911364fc3031c9ce55931cdf62144268d6435cd4a7645b1149d5c,socialnetwork_app_post-storage-service_1,,5480448.0,,,131072.0,,,
TC-VM-07,cpu100,2025-04-12,2025-04-12 19:05:45,16ca4b7fe7d911364fc3031c9ce55931cdf62144268d6435cd4a7645b1149d5c,socialnetwork_app_post-storage-service_1,0.0,5480448.0,,,131072.0,0.0,0.0,
TC-VM-07,cpu100,2025-04-12,2025-04-12 19:05:50,16ca4b7fe7d911364fc3031c9ce55931cdf62144268d6435cd4a7645b1149d5c,socialnetwork_app_post-storage-service_1,,5480448.0,,,131072.0,,,
TC-VM-07,cpu100,2025-04-12,2025-04-12 19:05:55,16ca4b7fe7d911364fc3031c9ce55931cdf62144268d6435cd4a7645b1149d5c,socialnetwork_app_post-storage-service_1,0.1658923649906901,5398528.0,,,131072.0,1418712.8491620112,1749034.6368715083,
TC-VM-07,cpu100,2025-04-12,2025-04-12 19:06:00,16ca4b7fe7d911364fc3031c9ce55931cdf62144268d6435cd4a7645b1149d5c,socialnetwork_app_post-storage-service_1,0.1622231800766303,5218304.0,,,131072.0,1390842.4329501914,1722370.2107279692,
TC-VM-07,cpu100,2025-04-12,2025-04-12 19:06:05,16ca4b7fe7d911364fc3031c9ce55931cdf62144268d6435cd4a7645b1149d5c,socialnetwork_app_post-storage-service_1,0.1566718047527296,5287936.0,,,131072.0,1358329.479768786,1695251.1239563264,
TC-VM-07,cpu100,2025-04-12,2025-04-12 19:06:10,16ca4b7fe7d911364fc3031c9ce55931cdf62144268d6435cd4a7645b1149d5c,socialnetwork_app_post-storage-service_1,0.1711997336884166,5255168.0,,,131072.0,1441604.5272969373,1797073.2356857522,
TC-VM-07,cpu100,2025-04-12,2025-04-12 19:06:15,16ca4b7fe7d911364fc3031c9ce55931cdf62144268d6435cd4a7645b1149d5c,socialnetwork_app_post-storage-service_1,0.1631645244215934,5226496.0,,,131072.0,1388173.0934018851,1743797.7720651242,
TC-VM-07,cpu100,2025-04-12,2025-04-12 19:06:20,16ca4b7fe7d911364fc3031c9ce55931cdf62144268d6435cd4a7645b1149d5c,socialnetwork_app_post-storage-service_1,0.1651226053639859,5246976.0,,,131072.0,1416695.2549366343,1760508.3996463309,
TC-VM-07,cpu100,2025-04-12,2025-04-12 19:06:25,16ca4b7fe7d911364fc3031c9ce55931cdf62144268d6435cd4a7645b1149d5c,socialnetwork_app_post-storage-service_1,0.1595921997947332,6131712.0,,,131072.0,1386290.1128977078,1727712.6240164214,
TC-VM-07,cpu100,2025-04-12,2025-04-12 19:06:30,16ca4b7fe7d911364fc3031c9ce55931cdf62144268d6435cd4a7645b1149d5c,socialnetwork_app_post-storage-service_1,0.1582714865363334,5705728.0,,,131072.0,1377301.7336776098,1696881.2246403545,
TC-VM-07,cpu100,2025-04-12,2025-04-12 19:06:35,16ca4b7fe7d911364fc3031c9ce55931cdf62144268d6435cd4a7645b1149d5c,socialnetwork_app_post-storage-service_1,0.139045212765953,5197824.0,,,131072.0,1186251.7730496456,1441519.5035460994,
TC-VM-07,cpu100,2025-04-12,2025-04-12 19:06:40,16ca4b7fe7d911364fc3031c9ce55931cdf62144268d6435cd4a7645b1149d5c,socialnetwork_app_post-storage-service_1,0.1425577489687699,5738496.0,,,131072.0,1221280.7896287567,1520604.301708898,
TC-VM-07,cpu100,2025-04-12,2025-04-12 19:06:45,16ca4b7fe7d911364fc3031c9ce55931cdf62144268d6435cd4a7645b1149d5c,socialnetwork_app_post-storage-service_1,0.1385534246575355,5464064.0,,,131072.0,1198725.244618395,1483131.506849315,
TC-VM-07,cpu100,2025-04-12,2025-04-12 19:05:35,1dfab356a7106c9e4a5264f9dbd76cd89c13feb859c0b09e67e2083531310c46,socialnetwork_app_media-service_1,,2641920.0,,,90112.0,,,
TC-VM-07,cpu100,2025-04-12,2025-04-12 19:05:40,1dfab356a7106c9e4a5264f9dbd76cd89c13feb859c0b09e67e2083531310c46,socialnetwork_app_media-service_1,,2641920.0,,,90112.0,,,
TC-VM-07,cpu100,2025-04-12,2025-04-12 19:05:45,1dfab356a7106c9e4a5264f9dbd76cd89c13feb859c0b09e67e2083531310c46,socialnetwork_app_media-service_1,0.0,2641920.0,,,90112.0,0.0,0.0,
TC-VM-07,cpu100,2025-04-12,2025-04-12 19:05:50,1dfab356a7106c9e4a5264f9dbd76cd89c13feb859c0b09e67e2083531310c46,socialnetwork_app_media-service_1,,2641920.0,,,90112.0,,,
TC-VM-07,cpu100,2025-04-12,2025-04-12 19:05:55,1dfab356a7106c9e4a5264f9dbd76cd89c13feb859c0b09e67e2083531310c46,socialnetwork_app_media-service_1,0.0720901889092025,2650112.0,,,90112.0,249397.92809262645,210252.2851919561,
TC-VM-07,cpu100,2025-04-12,2025-04-12 19:06:00,1dfab356a7106c9e4a5264f9dbd76cd89c13feb859c0b09e67e2083531310c46,socialnetwork_app_media-service_1,0.0706679389312985,2625536.0,,,90112.0,249576.88113413303,205392.5845147219,
TC-VM-07,cpu100,2025-04-12,2025-04-12 19:06:05,1dfab356a7106c9e4a5264f9dbd76cd89c13feb859c0b09e67e2083531310c46,socialnetwork_app_media-service_1,0.0684431372549008,2641920.0,,,90112.0,246732.7731092437,167387.11484593837,
TC-VM-07,cpu100,2025-04-12,2025-04-12 19:06:10,1dfab356a7106c9e4a5264f9dbd76cd89c13feb859c0b09e67e2083531310c46,socialnetwork_app_media-service_1,0.0722470639408452,2691072.0,,,90112.0,256718.573292736,202819.9217050892,
TC-VM-07,cpu100,2025-04-12,2025-04-12 19:06:15,1dfab356a7106c9e4a5264f9dbd76cd89c13feb859c0b09e67e2083531310c46,socialnetwork_app_media-service_1,0.0689364518976176,2691072.0,,,90112.0,246582.52427184465,168523.38923212708,
TC-VM-07,cpu100,2025-04-12,2025-04-12 19:06:20,1dfab356a7106c9e4a5264f9dbd76cd89c13feb859c0b09e67e2083531310c46,socialnetwork_app_media-service_1,0.0685470941883768,2686976.0,,,90112.0,244581.16232464928,209698.7307949232,
TC-VM-07,cpu100,2025-04-12,2025-04-12 19:06:25,1dfab356a7106c9e4a5264f9dbd76cd89c13feb859c0b09e67e2083531310c46,socialnetwork_app_media-service_1,0.0664516971279382,2723840.0,,,90112.0,237735.63968668407,161866.8407310705,
TC-VM-07,cpu100,2025-04-12,2025-04-12 19:06:30,1dfab356a7106c9e4a5264f9dbd76cd89c13feb859c0b09e67e2083531310c46,socialnetwork_app_media-service_1,0.0645823186871357,2789376.0,,,90112.0,237379.56590788777,161600.3176283748,
TC-VM-07,cpu100,2025-04-12,2025-04-12 19:06:35,1dfab356a7106c9e4a5264f9dbd76cd89c13feb859c0b09e67e2083531310c46,socialnetwork_app_media-service_1,0.0596273611906118,2760704.0,,,90112.0,209403.54894104172,141667.42987979393,
TC-VM-07,cpu100,2025-04-12,2025-04-12 19:06:40,1dfab356a7106c9e4a5264f9dbd76cd89c13feb859c0b09e67e2083531310c46,socialnetwork_app_media-service_1,0.0580047365304914,2830336.0,,,90112.0,209834.8134991119,142843.6944937833,
TC-VM-07,cpu100,2025-04-12,2025-04-12 19:06:45,1dfab356a7106c9e4a5264f9dbd76cd89c13feb859c0b09e67e2083531310c46,socialnetwork_app_media-service_1,0.0555581395348854,2678784.0,,,90112.0,200714.0396210164,136532.29974160207,
TC-VM-07,cpu100,2025-04-12,2025-04-12 19:05:35,2631a562b09df48e6698476cf16b33371f7c7590a0ef6bc9f66024c13c668e16,socialnetwork_app_jaeger-agent_1,8.376362593228885e-05,16908288.0,,,81920.0,0.0,0.0,
TC-VM-07,cpu100,2025-04-12,2025-04-12 19:05:40,2631a562b09df48e6698476cf16b33371f7c7590a0ef6bc9f66024c13c668e16,socialnetwork_app_jaeger-agent_1,0.0001308660816482,16908288.0,,,81920.0,0.0,0.0,
TC-VM-07,cpu100,2025-04-12,2025-04-12 19:05:45,2631a562b09df48e6698476cf16b33371f7c7590a0ef6bc9f66024c13c668e16,socialnetwork_app_jaeger-agent_1,6.725297465078297e-05,16908288.0,,,81920.0,0.0,0.0,
TC-VM-07,cpu100,2025-04-12,2025-04-12 19:05:50,2631a562b09df48e6698476cf16b33371f7c7590a0ef6bc9f66024c13c668e16,socialnetwork_app_jaeger-agent_1,7.326283987916446e-05,16908288.0,,,81920.0,601253.7764350453,5347.432024169184,
TC-VM-07,cpu100,2025-04-12,2025-04-12 19:05:55,2631a562b09df48e6698476cf16b33371f7c7590a0ef6bc9f66024c13c668e16,socialnetwork_app_jaeger-agent_1,0.0001854508196721,16908288.0,,,81920.0,951405.737704918,6692.622950819672,
TC-VM-07,cpu100,2025-04-12,2025-04-12 19:06:00,2631a562b09df48e6698476cf16b33371f7c7590a0ef6bc9f66024c13c668e16,socialnetwork_app_jaeger-agent_1,0.0001081606217615,16920576.0,,,81920.0,859209.8445595854,5349.740932642487,
TC-VM-07,cpu100,2025-04-12,2025-04-12 19:06:05,2631a562b09df48e6698476cf16b33371f7c7590a0ef6bc9f66024c13c668e16,socialnetwork_app_jaeger-agent_1,9.262250942383468e-05,16920576.0,,,81920.0,678728.5945072698,4765.751211631664,
TC-VM-07,cpu100,2025-04-12,2025-04-12 19:06:10,2631a562b09df48e6698476cf16b33371f7c7590a0ef6bc9f66024c13c668e16,socialnetwork_app_jaeger-agent_1,5.030303030292922e-05,16920576.0,,,81920.0,723907.8787878788,5721.212121212122,
TC-VM-07,cpu100,2025-04-12,2025-04-12 19:06:15,2631a562b09df48e6698476cf16b33371f7c7590a0ef6bc9f66024c13c668e16,socialnetwork_app_jaeger-agent_1,3.682393555802184e-05,16920576.0,,,81920.0,763348.1012658228,5431.530494821634,
TC-VM-07,cpu100,2025-04-12,2025-04-12 19:06:20,2631a562b09df48e6698476cf16b33371f7c7590a0ef6bc9f66024c13c668e16,socialnetwork_app_jaeger-agent_1,0.0001158423697434,16920576.0,,,81920.0,763845.8079873049,4993.387992594551,
TC-VM-07,cpu100,2025-04-12,2025-04-12 19:06:25,2631a562b09df48e6698476cf16b33371f7c7590a0ef6bc9f66024c13c668e16,socialnetwork_app_jaeger-agent_1,6.863679694933267e-05,16920576.0,,,81920.0,948448.0457578648,6186.844613918018,
TC-VM-07,cpu100,2025-04-12,2025-04-12 19:06:30,2631a562b09df48e6698476cf16b33371f7c7590a0ef6bc9f66024c13c668e16,socialnetwork_app_jaeger-agent_1,7.136788445206798e-05,16920576.0,,,81920.0,669611.7247238742,4762.107051826678,
TC-VM-07,cpu100,2025-04-12,2025-04-12 19:06:35,2631a562b09df48e6698476cf16b33371f7c7590a0ef6bc9f66024c13c668e16,socialnetwork_app_jaeger-agent_1,5.897980871411915e-05,16920576.0,,,81920.0,634094.5802337938,4433.581296493093,
TC-VM-07,cpu100,2025-04-12,2025-04-12 19:06:40,2631a562b09df48e6698476cf16b33371f7c7590a0ef6bc9f66024c13c668e16,socialnetwork_app_jaeger-agent_1,8.265139116213483e-05,16920576.0,,,81920.0,760187.3977086743,5379.705400981997,
TC-VM-07,cpu100,2025-04-12,2025-04-12 19:06:45,2631a562b09df48e6698476cf16b33371f7c7590a0ef6bc9f66024c13c668e16,socialnetwork_app_jaeger-agent_1,0.0001954492415403,16920576.0,,,81920.0,735094.5157526254,4892.648774795799,
TC-VM-07,cpu100,2025-04-12,2025-04-12 19:05:35,3272857b5e69b8c780d8e053c675498c27effd7368258fe265cb468fe20dd240,socialnetwork_app_text-service_1,0.0,5541888.0,,,159744.0,0.0,0.0,
TC-VM-07,cpu100,2025-04-12,2025-04-12 19:05:40,3272857b5e69b8c780d8e053c675498c27effd7368258fe265cb468fe20dd240,socialnetwork_app_text-service_1,,5541888.0,,,159744.0,,,
TC-VM-07,cpu100,2025-04-12,2025-04-12 19:05:45,3272857b5e69b8c780d8e053c675498c27effd7368258fe265cb468fe20dd240,socialnetwork_app_text-service_1,0.0,5541888.0,,,159744.0,0.0,0.0,
TC-VM-07,cpu100,2025-04-12,2025-04-12 19:05:50,3272857b5e69b8c780d8e053c675498c27effd7368258fe265cb468fe20dd240,socialnetwork_app_text-service_1,,5541888.0,,,159744.0,,,
TC-VM-07,cpu100,2025-04-12,2025-04-12 19:05:55,3272857b5e69b8c780d8e053c675498c27effd7368258fe265cb468fe20dd240,socialnetwork_app_text-service_1,0.5083843447669099,5545984.0,,,163840.0,1410710.642040457,1735473.1750219876,
TC-VM-07,cpu100,2025-04-12,2025-04-12 19:06:00,3272857b5e69b8c780d8e053c675498c27effd7368258fe265cb468fe20dd240,socialnetwork_app_text-service_1,0.5096812977099257,4960256.0,,,163840.0,1435559.1603053436,1748756.3613231552,
TC-VM-07,cpu100,2025-04-12,2025-04-12 19:06:05,3272857b5e69b8c780d8e053c675498c27effd7368258fe265cb468fe20dd240,socialnetwork_app_text-service_1,0.5199762323943803,5734400.0,,,163840.0,1444219.1901408453,1774315.1408450706,
TC-VM-07,cpu100,2025-04-12,2025-04-12 19:06:10,3272857b5e69b8c780d8e053c675498c27effd7368258fe265cb468fe20dd240,socialnetwork_app_text-service_1,0.5558891076115439,6287360.0,,,163840.0,1501101.706036745,1824860.892388452,
TC-VM-07,cpu100,2025-04-12,2025-04-12 19:06:15,3272857b5e69b8c780d8e053c675498c27effd7368258fe265cb468fe20dd240,socialnetwork_app_text-service_1,0.5373224832214701,6856704.0,,,163840.0,1470967.4496644295,1812776.845637584,
TC-VM-07,cpu100,2025-04-12,2025-04-12 19:06:20,3272857b5e69b8c780d8e053c675498c27effd7368258fe265cb468fe20dd240,socialnetwork_app_text-service_1,0.5386798102579322,5513216.0,,,163840.0,1462771.716572784,1796617.5511414171,
TC-VM-07,cpu100,2025-04-12,2025-04-12 19:06:25,3272857b5e69b8c780d8e053c675498c27effd7368258fe265cb468fe20dd240,socialnetwork_app_text-service_1,0.5176302931596077,5812224.0,,,163840.0,1418766.5580890337,1722681.8675352875,
TC-VM-07,cpu100,2025-04-12,2025-04-12 19:06:30,3272857b5e69b8c780d8e053c675498c27effd7368258fe265cb468fe20dd240,socialnetwork_app_text-service_1,0.49473502800517,6479872.0,,,163840.0,1365849.2029297715,1706827.6604911676,
TC-VM-07,cpu100,2025-04-12,2025-04-12 19:06:35,3272857b5e69b8c780d8e053c675498c27effd7368258fe265cb468fe20dd240,socialnetwork_app_text-service_1,0.4556112615051377,6955008.0,,,163840.0,1250097.996751489,1554457.4986464535,
TC-VM-07,cpu100,2025-04-12,2025-04-12 19:06:40,3272857b5e69b8c780d8e053c675498c27effd7368258fe265cb468fe20dd240,socialnetwork_app_text-service_1,0.4633854838709672,6840320.0,,,163840.0,1275776.3440860214,1579101.6129032257,
TC-VM-07,cpu100,2025-04-12,2025-04-12 19:06:45,3272857b5e69b8c780d8e053c675498c27effd7368258fe265cb468fe20dd240,socialnetwork_app_text-service_1,,6483968.0,,,163840.0,,,
TC-VM-07,cpu100,2025-04-12,2025-04-12 19:05:35,3503bec99d50aedda4a1907a5592c1cf74b00bd47f941741b8bcfcc38f85b572,socialnetwork_app_url-shorten-mongodb_1,0.0051927977839315,401502208.0,,,352256.0,0.0,0.0,
TC-VM-07,cpu100,2025-04-12,2025-04-12 19:05:40,3503bec99d50aedda4a1907a5592c1cf74b00bd47f941741b8bcfcc38f85b572,socialnetwork_app_url-shorten-mongodb_1,0.0059852051109644,401747968.0,,,352256.0,63.88702084734364,129.45527908540686,
TC-VM-07,cpu100,2025-04-12,2025-04-12 19:05:45,3503bec99d50aedda4a1907a5592c1cf74b00bd47f941741b8bcfcc38f85b572,socialnetwork_app_url-shorten-mongodb_1,0.0062225705329192,401502208.0,,,352256.0,0.0,0.0,
TC-VM-07,cpu100,2025-04-12,2025-04-12 19:05:50,3503bec99d50aedda4a1907a5592c1cf74b00bd47f941741b8bcfcc38f85b572,socialnetwork_app_url-shorten-mongodb_1,0.3127251389746789,404029440.0,,,352256.0,735844.9660284126,108394.68807906116,
TC-VM-07,cpu100,2025-04-12,2025-04-12 19:05:55,3503bec99d50aedda4a1907a5592c1cf74b00bd47f941741b8bcfcc38f85b572,socialnetwork_app_url-shorten-mongodb_1,,408301568.0,,,352256.0,,,
TC-VM-07,cpu100,2025-04-12,2025-04-12 19:06:00,3503bec99d50aedda4a1907a5592c1cf74b00bd47f941741b8bcfcc38f85b572,socialnetwork_app_url-shorten-mongodb_1,0.3125870044052884,414310400.0,,,352256.0,743886.9309838472,110978.34067547724,
TC-VM-07,cpu100,2025-04-12,2025-04-12 19:06:05,3503bec99d50aedda4a1907a5592c1cf74b00bd47f941741b8bcfcc38f85b572,socialnetwork_app_url-shorten-mongodb_1,0.3271401408450718,419667968.0,,,352256.0,710522.5352112676,104433.8028169014,
TC-VM-07,cpu100,2025-04-12,2025-04-12 19:06:10,3503bec99d50aedda4a1907a5592c1cf74b00bd47f941741b8bcfcc38f85b572,socialnetwork_app_url-shorten-mongodb_1,0.3103312883435621,437698560.0,,,352256.0,785337.9810373676,114991.07640825432,
TC-VM-07,cpu100,2025-04-12,2025-04-12 19:06:15,3503bec99d50aedda4a1907a5592c1cf74b00bd47f941741b8bcfcc38f85b572,socialnetwork_app_url-shorten-mongodb_1,0.2522844884488436,447492096.0,,,352256.0,740160.396039604,108508.91089108912,
TC-VM-07,cpu100,2025-04-12,2025-04-12 19:06:20,3503bec99d50aedda4a1907a5592c1cf74b00bd47f941741b8bcfcc38f85b572,socialnetwork_app_url-shorten-mongodb_1,0.2719556494192194,450920448.0,,,352256.0,744573.9176346357,110675.81837381204,
TC-VM-07,cpu100,2025-04-12,2025-04-12 19:06:25,3503bec99d50aedda4a1907a5592c1cf74b00bd47f941741b8bcfcc38f85b572,socialnetwork_app_url-shorten-mongodb_1,0.3281265716680462,454418432.0,,,352256.0,733020.9555741827,106533.94803017602,
TC-VM-07,cpu100,2025-04-12,2025-04-12 19:06:30,3503bec99d50aedda4a1907a5592c1cf74b00bd47f941741b8bcfcc38f85b572,socialnetwork_app_url-shorten-mongodb_1,0.3165410939691432,457502720.0,,,352256.0,705978.9621318373,103666.47966339412,
TC-VM-07,cpu100,2025-04-12,2025-04-12 19:06:35,3503bec99d50aedda4a1907a5592c1cf74b00bd47f941741b8bcfcc38f85b572,socialnetwork_app_url-shorten-mongodb_1,0.2823577287066137,463994880.0,,,352256.0,628368.4542586751,91671.29337539432,
TC-VM-07,cpu100,2025-04-12,2025-04-12 19:06:40,3503bec99d50aedda4a1907a5592c1cf74b00bd47f941741b8bcfcc38f85b572,socialnetwork_app_url-shorten-mongodb_1,0.2284858193277429,486219776.0,,,352256.0,658450.1050420168,96277.83613445378,
TC-VM-07,cpu100,2025-04-12,2025-04-12 19:06:45,3503bec99d50aedda4a1907a5592c1cf74b00bd47f941741b8bcfcc38f85b572,socialnetwork_app_url-shorten-mongodb_1,0.2157587354409349,488017920.0,,,352256.0,636477.537437604,93577.37104825291,
TC-VM-07,cpu100,2025-04-12,2025-04-12 19:05:35,3e3507058b4993727ce160029daab76a686f6804bcbe2566bc4b236691f5181b,socialnetwork_app_media-memcached_1,9.62463907603359e-05,1134592.0,,,40960.0,0.0,0.0,
TC-VM-07,cpu100,2025-04-12,2025-04-12 19:05:40,3e3507058b4993727ce160029daab76a686f6804bcbe2566bc4b236691f5181b,socialnetwork_app_media-memcached_1,0.000118621603711,1134592.0,,,40960.0,0.0,0.0,
TC-VM-07,cpu100,2025-04-12,2025-04-12 19:05:45,3e3507058b4993727ce160029daab76a686f6804bcbe2566bc4b236691f5181b,socialnetwork_app_media-memcached_1,6.573816155986154e-05,1134592.0,,,40960.0,0.0,0.0,
TC-VM-07,cpu100,2025-04-12,2025-04-12 19:05:50,3e3507058b4993727ce160029daab76a686f6804bcbe2566bc4b236691f5181b,socialnetwork_app_media-memcached_1,6.509695290861392e-05,1134592.0,,,40960.0,0.0,0.0,
TC-VM-07,cpu100,2025-04-12,2025-04-12 19:05:55,3e3507058b4993727ce160029daab76a686f6804bcbe2566bc4b236691f5181b,socialnetwork_app_media-memcached_1,8.672566371685178e-05,1134592.0,,,40960.0,0.0,0.0,
TC-VM-07,cpu100,2025-04-12,2025-04-12 19:06:00,3e3507058b4993727ce160029daab76a686f6804bcbe2566bc4b236691f5181b,socialnetwork_app_media-memcached_1,0.0001141935483871,1134592.0,,,40960.0,0.0,0.0,
TC-VM-07,cpu100,2025-04-12,2025-04-12 19:06:05,3e3507058b4993727ce160029daab76a686f6804bcbe2566bc4b236691f5181b,socialnetwork_app_media-memcached_1,0.0001176948051948,1134592.0,,,40960.0,0.0,0.0,
TC-VM-07,cpu100,2025-04-12,2025-04-12 19:06:10,3e3507058b4993727ce160029daab76a686f6804bcbe2566bc4b236691f5181b,socialnetwork_app_media-memcached_1,6.91573926867633e-05,1134592.0,,,40960.0,0.0,0.0,
TC-VM-07,cpu100,2025-04-12,2025-04-12 19:06:15,3e3507058b4993727ce160029daab76a686f6804bcbe2566bc4b236691f5181b,socialnetwork_app_media-memcached_1,6.810244470316284e-05,1134592.0,,,40960.0,0.0,0.0,
TC-VM-07,cpu100,2025-04-12,2025-04-12 19:06:20,3e3507058b4993727ce160029daab76a686f6804bcbe2566bc4b236691f5181b,socialnetwork_app_media-memcached_1,6.092028515880655e-05,1134592.0,,,40960.0,0.0,0.0,
TC-VM-07,cpu100,2025-04-12,2025-04-12 19:06:25,3e3507058b4993727ce160029daab76a686f6804bcbe2566bc4b236691f5181b,socialnetwork_app_media-memcached_1,9.692956050576624e-05,1134592.0,,,40960.0,0.0,0.0,
TC-VM-07,cpu100,2025-04-12,2025-04-12 19:06:30,3e3507058b4993727ce160029daab76a686f6804bcbe2566bc4b236691f5181b,socialnetwork_app_media-memcached_1,0.0001182795698924,1134592.0,,,40960.0,0.0,0.0,
TC-VM-07,cpu100,2025-04-12,2025-04-12 19:06:35,3e3507058b4993727ce160029daab76a686f6804bcbe2566bc4b236691f5181b,socialnetwork_app_media-memcached_1,7.147814018048248e-05,1134592.0,,,40960.0,0.0,0.0,
TC-VM-07,cpu100,2025-04-12,2025-04-12 19:06:40,3e3507058b4993727ce160029daab76a686f6804bcbe2566bc4b236691f5181b,socialnetwork_app_media-memcached_1,7.66378244746681e-05,1134592.0,,,40960.0,0.0,0.0,
TC-VM-07,cpu100,2025-04-12,2025-04-12 19:06:45,3e3507058b4993727ce160029daab76a686f6804bcbe2566bc4b236691f5181b,socialnetwork_app_media-memcached_1,,1134592.0,,,40960.0,,,
TC-VM-07,cpu100,2025-04-12,2025-04-12 19:05:35,3e4a96e7af92c34556ee2deb93e1ef56b0c629f2be562fb80de99a5fa3722e8e,socialnetwork_app_user-timeline-mongodb_1,0.0041440944881772,260423680.0,,,360448.0,0.0,0.0,
TC-VM-07,cpu100,2025-04-12,2025-04-12 19:05:40,3e4a96e7af92c34556ee2deb93e1ef56b0c629f2be562fb80de99a5fa3722e8e,socialnetwork_app_user-timeline-mongodb_1,0.0062538720538723,260423680.0,,,360448.0,63.97306397306397,129.62962962962962,
TC-VM-07,cpu100,2025-04-12,2025-04-12 19:05:45,3e4a96e7af92c34556ee2deb93e1ef56b0c629f2be562fb80de99a5fa3722e8e,socialnetwork_app_user-timeline-mongodb_1,0.0025852059925023,260685824.0,,,360448.0,0.0,0.0,
TC-VM-07,cpu100,2025-04-12,2025-04-12 19:05:50,3e4a96e7af92c34556ee2deb93e1ef56b0c629f2be562fb80de99a5fa3722e8e,socialnetwork_app_user-timeline-mongodb_1,0.5271886189258307,283435008.0,,,360448.0,395776.2148337596,23649662.40409207,
TC-VM-07,cpu100,2025-04-12,2025-04-12 19:05:55,3e4a96e7af92c34556ee2deb93e1ef56b0c629f2be562fb80de99a5fa3722e8e,socialnetwork_app_user-timeline-mongodb_1,0.5484137071651217,201310208.0,,,360448.0,402328.9719626168,24235451.09034268,
TC-VM-07,cpu100,2025-04-12,2025-04-12 19:06:00,3e4a96e7af92c34556ee2deb93e1ef56b0c629f2be562fb80de99a5fa3722e8e,socialnetwork_app_user-timeline-mongodb_1,0.5297840431913621,256557056.0,,,360448.0,396729.45410917816,24165750.44991002,
TC-VM-07,cpu100,2025-04-12,2025-04-12 19:06:05,3e4a96e7af92c34556ee2deb93e1ef56b0c629f2be562fb80de99a5fa3722e8e,socialnetwork_app_user-timeline-mongodb_1,0.5205123287671292,302493696.0,,,360448.0,391306.8493150685,24082359.58904109,
TC-VM-07,cpu100,2025-04-12,2025-04-12 19:06:10,3e4a96e7af92c34556ee2deb93e1ef56b0c629f2be562fb80de99a5fa3722e8e,socialnetwork_app_user-timeline-mongodb_1,0.5586399394856338,347004928.0,,,360448.0,409635.9051941503,25473641.45234493,
TC-VM-07,cpu100,2025-04-12,2025-04-12 19:06:15,3e4a96e7af92c34556ee2deb93e1ef56b0c629f2be562fb80de99a5fa3722e8e,socialnetwork_app_user-timeline-mongodb_1,0.5341712216002615,383975424.0,,,360448.0,400964.7678630228,25114677.971682586,
TC-VM-07,cpu100,2025-04-12,2025-04-12 19:06:20,3e4a96e7af92c34556ee2deb93e1ef56b0c629f2be562fb80de99a5fa3722e8e,socialnetwork_app_user-timeline-mongodb_1,0.5499623050260013,431693824.0,,,360448.0,401468.8041594455,25439101.386481803,
TC-VM-07,cpu100,2025-04-12,2025-04-12 19:06:25,3e4a96e7af92c34556ee2deb93e1ef56b0c629f2be562fb80de99a5fa3722e8e,socialnetwork_app_user-timeline-mongodb_1,0.526856347438755,483565568.0,,,360448.0,382940.97995545657,24463944.320712693,
TC-VM-07,cpu100,2025-04-12,2025-04-12 19:06:30,3e4a96e7af92c34556ee2deb93e1ef56b0c629f2be562fb80de99a5fa3722e8e,socialnetwork_app_user-timeline-mongodb_1,0.5129072052401803,521826304.0,,,360448.0,377381.0043668122,24364734.716157205,
TC-VM-07,cpu100,2025-04-12,2025-04-12 19:06:35,3e4a96e7af92c34556ee2deb93e1ef56b0c629f2be562fb80de99a5fa3722e8e,socialnetwork_app_user-timeline-mongodb_1,0.4717795603089711,546394112.0,,,360448.0,342834.22459893045,22244825.31194296,
TC-VM-07,cpu100,2025-04-12,2025-04-12 19:06:40,3e4a96e7af92c34556ee2deb93e1ef56b0c629f2be562fb80de99a5fa3722e8e,socialnetwork_app_user-timeline-mongodb_1,0.4679518248175044,592261120.0,,,360448.0,344000.0,22537756.93430657,
TC-VM-07,cpu100,2025-04-12,2025-04-12 19:06:45,3e4a96e7af92c34556ee2deb93e1ef56b0c629f2be562fb80de99a5fa3722e8e,socialnetwork_app_user-timeline-mongodb_1,0.4662726653033393,631177216.0,,,360448.0,340179.95910020446,22405341.85412406,
TC-VM-07,cpu100,2025-04-12,2025-04-12 19:05:35,622c9039f995db658e2082d66da19b4fee4f9c59d84fd79ef7d7b591a5bc1d93,socialnetwork_app_social-graph-redis_1,0.0045155822854032,3596288.0,,,53248.0,0.0,0.0,
TC-VM-07,cpu100,2025-04-12,2025-04-12 19:05:40,622c9039f995db658e2082d66da19b4fee4f9c59d84fd79ef7d7b591a5bc1d93,socialnetwork_app_social-graph-redis_1,0.0047109919571048,3596288.0,,,53248.0,0.0,0.0,
TC-VM-07,cpu100,2025-04-12,2025-04-12 19:05:45,622c9039f995db658e2082d66da19b4fee4f9c59d84fd79ef7d7b591a5bc1d93,socialnetwork_app_social-graph-redis_1,0.0019782923299593,3596288.0,,,53248.0,0.0,0.0,
TC-VM-07,cpu100,2025-04-12,2025-04-12 19:05:50,622c9039f995db658e2082d66da19b4fee4f9c59d84fd79ef7d7b591a5bc1d93,socialnetwork_app_social-graph-redis_1,0.0462778891115544,3674112.0,,,53248.0,114642.61857047428,416863.0594522378,
TC-VM-07,cpu100,2025-04-12,2025-04-12 19:05:55,622c9039f995db658e2082d66da19b4fee4f9c59d84fd79ef7d7b591a5bc1d93,socialnetwork_app_social-graph-redis_1,0.0468140827671401,3678208.0,,,53248.0,116671.40210006176,417471.2785670167,
TC-VM-07,cpu100,2025-04-12,2025-04-12 19:06:00,622c9039f995db658e2082d66da19b4fee4f9c59d84fd79ef7d7b591a5bc1d93,socialnetwork_app_social-graph-redis_1,0.0466578853684585,3670016.0,,,53248.0,117657.88536845852,422412.9583481666,
TC-VM-07,cpu100,2025-04-12,2025-04-12 19:06:05,622c9039f995db658e2082d66da19b4fee4f9c59d84fd79ef7d7b591a5bc1d93,socialnetwork_app_social-graph-redis_1,0.0454800148038484,3670016.0,,,53248.0,114173.20503330868,408334.5669874167,
TC-VM-07,cpu100,2025-04-12,2025-04-12 19:06:10,622c9039f995db658e2082d66da19b4fee4f9c59d84fd79ef7d7b591a5bc1d93,socialnetwork_app_social-graph-redis_1,0.0498793486306466,3665920.0,,,53248.0,120124.35233160622,420700.9622501851,
TC-VM-07,cpu100,2025-04-12,2025-04-12 19:06:15,622c9039f995db658e2082d66da19b4fee4f9c59d84fd79ef7d7b591a5bc1d93,socialnetwork_app_social-graph-redis_1,0.046385449904274,3670016.0,,,53248.0,112904.91384811745,397522.6547543076,
TC-VM-07,cpu100,2025-04-12,2025-04-12 19:06:20,622c9039f995db658e2082d66da19b4fee4f9c59d84fd79ef7d7b591a5bc1d93,socialnetwork_app_social-graph-redis_1,0.0472581863979851,3600384.0,,,53248.0,116051.00755667506,416501.2594458438,
TC-VM-07,cpu100,2025-04-12,2025-04-12 19:06:25,622c9039f995db658e2082d66da19b4fee4f9c59d84fd79ef7d7b591a5bc1d93,socialnetwork_app_social-graph-redis_1,0.0474552380952361,3600384.0,,,53248.0,113385.71428571428,410941.90476190473,
TC-VM-07,cpu100,2025-04-12,2025-04-12 19:06:30,622c9039f995db658e2082d66da19b4fee4f9c59d84fd79ef7d7b591a5bc1d93,socialnetwork_app_social-graph-redis_1,0.0464593874833531,3600384.0,,,53248.0,113764.31424766975,410691.0785619175,
TC-VM-07,cpu100,2025-04-12,2025-04-12 19:06:35,622c9039f995db658e2082d66da19b4fee4f9c59d84fd79ef7d7b591a5bc1d93,socialnetwork_app_social-graph-redis_1,0.0400259344012178,3600384.0,,,53248.0,96718.53546910756,347174.67581998475,
TC-VM-07,cpu100,2025-04-12,2025-04-12 19:06:40,622c9039f995db658e2082d66da19b4fee4f9c59d84fd79ef7d7b591a5bc1d93,socialnetwork_app_social-graph-redis_1,0.0390732364027992,3600384.0,,,53248.0,97908.9929994615,347596.66128163703,
TC-VM-07,cpu100,2025-04-12,2025-04-12 19:06:45,622c9039f995db658e2082d66da19b4fee4f9c59d84fd79ef7d7b591a5bc1d93,socialnetwork_app_social-graph-redis_1,0.0398828557063847,3600384.0,,,53248.0,96958.27048768224,349659.6279537456,
TC-VM-07,cpu100,2025-04-12,2025-04-12 19:05:35,7028f4cde98319ad1ea9e0cb4a1a74873c1be011b233cba5e3a88653749a1256,socialnetwork_app_home-timeline-service_1,,11370496.0,,,167936.0,,,
TC-VM-07,cpu100,2025-04-12,2025-04-12 19:05:40,7028f4cde98319ad1ea9e0cb4a1a74873c1be011b233cba5e3a88653749a1256,socialnetwork_app_home-timeline-service_1,0.0,11370496.0,,,167936.0,0.0,0.0,
TC-VM-07,cpu100,2025-04-12,2025-04-12 19:05:45,7028f4cde98319ad1ea9e0cb4a1a74873c1be011b233cba5e3a88653749a1256,socialnetwork_app_home-timeline-service_1,,11370496.0,,,167936.0,,,
TC-VM-07,cpu100,2025-04-12,2025-04-12 19:05:50,7028f4cde98319ad1ea9e0cb4a1a74873c1be011b233cba5e3a88653749a1256,socialnetwork_app_home-timeline-service_1,,11370496.0,,,167936.0,,,
TC-VM-07,cpu100,2025-04-12,2025-04-12 19:05:55,7028f4cde98319ad1ea9e0cb4a1a74873c1be011b233cba5e3a88653749a1256,socialnetwork_app_home-timeline-service_1,,11370496.0,,,167936.0,,,
TC-VM-07,cpu100,2025-04-12,2025-04-12 19:06:00,7028f4cde98319ad1ea9e0cb4a1a74873c1be011b233cba5e3a88653749a1256,socialnetwork_app_home-timeline-service_1,,10096640.0,,,172032.0,,,
TC-VM-07,cpu100,2025-04-12,2025-04-12 19:06:05,7028f4cde98319ad1ea9e0cb4a1a74873c1be011b233cba5e3a88653749a1256,socialnetwork_app_home-timeline-service_1,0.2680312657589548,10452992.0,,,172032.0,943937.9727685323,3880523.449319213,
TC-VM-07,cpu100,2025-04-12,2025-04-12 19:06:10,7028f4cde98319ad1ea9e0cb4a1a74873c1be011b233cba5e3a88653749a1256,socialnetwork_app_home-timeline-service_1,0.2804966755319188,9859072.0,,,172032.0,967029.920212766,4021675.5319148935,
TC-VM-07,cpu100,2025-04-12,2025-04-12 19:06:15,7028f4cde98319ad1ea9e0cb4a1a74873c1be011b233cba5e3a88653749a1256,socialnetwork_app_home-timeline-service_1,0.2719680527383372,10149888.0,,,172032.0,932645.537525355,3831147.565922921,
TC-VM-07,cpu100,2025-04-12,2025-04-12 19:06:20,7028f4cde98319ad1ea9e0cb4a1a74873c1be011b233cba5e3a88653749a1256,socialnetwork_app_home-timeline-service_1,0.2801026178010506,10317824.0,,,172032.0,962683.2460732984,3979480.104712042,
TC-VM-07,cpu100,2025-04-12,2025-04-12 19:06:25,7028f4cde98319ad1ea9e0cb4a1a74873c1be011b233cba5e3a88653749a1256,socialnetwork_app_home-timeline-service_1,0.263911366711765,10772480.0,,,172032.0,927761.8403247632,3821615.0202977,
TC-VM-07,cpu100,2025-04-12,2025-04-12 19:06:30,7028f4cde98319ad1ea9e0cb4a1a74873c1be011b233cba5e3a88653749a1256,socialnetwork_app_home-timeline-service_1,0.2513534583821812,13082624.0,,,172032.0,893041.6178194607,3699356.389214537,
TC-VM-07,cpu100,2025-04-12,2025-04-12 19:06:35,7028f4cde98319ad1ea9e0cb4a1a74873c1be011b233cba5e3a88653749a1256,socialnetwork_app_home-timeline-service_1,0.2363223388305816,12648448.0,,,172032.0,890920.5397301349,3515107.571214393,
TC-VM-07,cpu100,2025-04-12,2025-04-12 19:06:40,7028f4cde98319ad1ea9e0cb4a1a74873c1be011b233cba5e3a88653749a1256,socialnetwork_app_home-timeline-service_1,0.2336582081822894,12660736.0,,,172032.0,874786.6390471258,3404524.5986535475,
TC-VM-07,cpu100,2025-04-12,2025-04-12 19:06:45,7028f4cde98319ad1ea9e0cb4a1a74873c1be011b233cba5e3a88653749a1256,socialnetwork_app_home-timeline-service_1,0.2304989711934195,10199040.0,,,172032.0,843230.109739369,3420907.407407408,
TC-VM-07,cpu100,2025-04-12,2025-04-12 19:05:35,963ca4e699a98f69d06cec0ea3b340cc164a338cf76860a9d33ed19b3e70bb49,socialnetwork_app_url-shorten-service_1,,5091328.0,,,126976.0,,,
TC-VM-07,cpu100,2025-04-12,2025-04-12 19:05:40,963ca4e699a98f69d06cec0ea3b340cc164a338cf76860a9d33ed19b3e70bb49,socialnetwork_app_url-shorten-service_1,4.683329288907811e-05,5091328.0,,,126976.0,93.4239262314972,46.1053142441155,
TC-VM-07,cpu100,2025-04-12,2025-04-12 19:05:45,963ca4e699a98f69d06cec0ea3b340cc164a338cf76860a9d33ed19b3e70bb49,socialnetwork_app_url-shorten-service_1,0.0,5091328.0,,,126976.0,0.0,0.0,
TC-VM-07,cpu100,2025-04-12,2025-04-12 19:05:50,963ca4e699a98f69d06cec0ea3b340cc164a338cf76860a9d33ed19b3e70bb49,socialnetwork_app_url-shorten-service_1,,5091328.0,,,126976.0,,,
TC-VM-07,cpu100,2025-04-12,2025-04-12 19:05:55,963ca4e699a98f69d06cec0ea3b340cc164a338cf76860a9d33ed19b3e70bb49,socialnetwork_app_url-shorten-service_1,0.2316299533799504,5496832.0,,,126976.0,576110.7226107226,1308670.745920746,
TC-VM-07,cpu100,2025-04-12,2025-04-12 19:06:00,963ca4e699a98f69d06cec0ea3b340cc164a338cf76860a9d33ed19b3e70bb49,socialnetwork_app_url-shorten-service_1,0.2270604651162789,5406720.0,,,126976.0,572505.1162790698,1296400.6201550388,
TC-VM-07,cpu100,2025-04-12,2025-04-12 19:06:05,963ca4e699a98f69d06cec0ea3b340cc164a338cf76860a9d33ed19b3e70bb49,socialnetwork_app_url-shorten-service_1,0.2222723604573029,5308416.0,,,126976.0,561224.6133154001,1235049.0921318089,
TC-VM-07,cpu100,2025-04-12,2025-04-12 19:06:10,963ca4e699a98f69d06cec0ea3b340cc164a338cf76860a9d33ed19b3e70bb49,socialnetwork_app_url-shorten-service_1,0.2341683881064184,5140480.0,,,126976.0,583198.7480438185,1327701.7214397497,
TC-VM-07,cpu100,2025-04-12,2025-04-12 19:06:15,963ca4e699a98f69d06cec0ea3b340cc164a338cf76860a9d33ed19b3e70bb49,socialnetwork_app_url-shorten-service_1,0.2291689453125106,5816320.0,,,126976.0,570423.828125,1324671.875,
TC-VM-07,cpu100,2025-04-12,2025-04-12 19:06:20,963ca4e699a98f69d06cec0ea3b340cc164a338cf76860a9d33ed19b3e70bb49,socialnetwork_app_url-shorten-service_1,0.2228857913669084,5869568.0,,,126976.0,556035.9712230215,1283758.0935251797,
TC-VM-07,cpu100,2025-04-12,2025-04-12 19:06:25,963ca4e699a98f69d06cec0ea3b340cc164a338cf76860a9d33ed19b3e70bb49,socialnetwork_app_url-shorten-service_1,0.221906652360516,5517312.0,,,126976.0,558100.321888412,1263706.5450643776,
TC-VM-07,cpu100,2025-04-12,2025-04-12 19:06:30,963ca4e699a98f69d06cec0ea3b340cc164a338cf76860a9d33ed19b3e70bb49,socialnetwork_app_url-shorten-service_1,0.194793299620729,5324800.0,,,126976.0,501114.412136536,1150852.7180783818,
TC-VM-07,cpu100,2025-04-12,2025-04-12 19:06:35,963ca4e699a98f69d06cec0ea3b340cc164a338cf76860a9d33ed19b3e70bb49,socialnetwork_app_url-shorten-service_1,,5529600.0,,,126976.0,,,
TC-VM-07,cpu100,2025-04-12,2025-04-12 19:06:40,963ca4e699a98f69d06cec0ea3b340cc164a338cf76860a9d33ed19b3e70bb49,socialnetwork_app_url-shorten-service_1,0.1913974437005539,5193728.0,,,126976.0,487175.89774802193,1078600.1217285453,
TC-VM-07,cpu100,2025-04-12,2025-04-12 19:06:45,963ca4e699a98f69d06cec0ea3b340cc164a338cf76860a9d33ed19b3e70bb49,socialnetwork_app_url-shorten-service_1,0.192420505200593,5468160.0,,,126976.0,485514.1158989599,1095130.3863298662,
TC-VM-07,cpu100,2025-04-12,2025-04-12 19:05:35,a4b604df6610218d74a92fbd474dc892307afb80b87817860a8b9869d5f40a59,socialnetwork_app_user-mention-service_1,,3854336.0,,,155648.0,,,
TC-VM-07,cpu100,2025-04-12,2025-04-12 19:05:40,a4b604df6610218d74a92fbd474dc892307afb80b87817860a8b9869d5f40a59,socialnetwork_app_user-mention-service_1,,3854336.0,,,155648.0,,,
TC-VM-07,cpu100,2025-04-12,2025-04-12 19:05:45,a4b604df6610218d74a92fbd474dc892307afb80b87817860a8b9869d5f40a59,socialnetwork_app_user-mention-service_1,0.0,3854336.0,,,155648.0,0.0,0.0,
TC-VM-07,cpu100,2025-04-12,2025-04-12 19:05:50,a4b604df6610218d74a92fbd474dc892307afb80b87817860a8b9869d5f40a59,socialnetwork_app_user-mention-service_1,,3854336.0,,,155648.0,,,
TC-VM-07,cpu100,2025-04-12,2025-04-12 19:05:55,a4b604df6610218d74a92fbd474dc892307afb80b87817860a8b9869d5f40a59,socialnetwork_app_user-mention-service_1,0.2442936422413834,3952640.0,,,155648.0,847439.6551724138,1027824.8922413792,
TC-VM-07,cpu100,2025-04-12,2025-04-12 19:06:00,a4b604df6610218d74a92fbd474dc892307afb80b87817860a8b9869d5f40a59,socialnetwork_app_user-mention-service_1,0.2252080979284358,3862528.0,,,155648.0,794273.0696798493,897316.3841807909,
TC-VM-07,cpu100,2025-04-12,2025-04-12 19:06:05,a4b604df6610218d74a92fbd474dc892307afb80b87817860a8b9869d5f40a59,socialnetwork_app_user-mention-service_1,0.2279426499670425,3801088.0,,,155648.0,822800.593276203,963674.686882004,
TC-VM-07,cpu100,2025-04-12,2025-04-12 19:06:10,a4b604df6610218d74a92fbd474dc892307afb80b87817860a8b9869d5f40a59,socialnetwork_app_user-mention-service_1,0.247762764632621,3866624.0,,,155648.0,872846.8244084682,1048488.1693648816,
TC-VM-07,cpu100,2025-04-12,2025-04-12 19:06:15,a4b604df6610218d74a92fbd474dc892307afb80b87817860a8b9869d5f40a59,socialnetwork_app_user-mention-service_1,0.2274583572659323,3846144.0,,,155648.0,828553.704767375,988099.3681792072,
TC-VM-07,cpu100,2025-04-12,2025-04-12 19:06:20,a4b604df6610218d74a92fbd474dc892307afb80b87817860a8b9869d5f40a59,socialnetwork_app_user-mention-service_1,0.234419158641661,4210688.0,,,155648.0,838036.4926507856,962429.2954891028,
TC-VM-07,cpu100,2025-04-12,2025-04-12 19:06:25,a4b604df6610218d74a92fbd474dc892307afb80b87817860a8b9869d5f40a59,socialnetwork_app_user-mention-service_1,0.2298551829268278,3911680.0,,,155648.0,813705.0304878048,965807.9268292682,
TC-VM-07,cpu100,2025-04-12,2025-04-12 19:06:30,a4b604df6610218d74a92fbd474dc892307afb80b87817860a8b9869d5f40a59,socialnetwork_app_user-mention-service_1,0.2211604355716871,3952640.0,,,155648.0,798907.8039927405,938907.0780399274,
TC-VM-07,cpu100,2025-04-12,2025-04-12 19:06:35,a4b604df6610218d74a92fbd474dc892307afb80b87817860a8b9869d5f40a59,socialnetwork_app_user-mention-service_1,0.1955716216216203,3829760.0,,,155648.0,714972.972972973,793370.2702702703,
TC-VM-07,cpu100,2025-04-12,2025-04-12 19:06:40,a4b604df6610218d74a92fbd474dc892307afb80b87817860a8b9869d5f40a59,socialnetwork_app_user-mention-service_1,0.2002054607508626,3870720.0,,,155648.0,718686.6894197952,858516.723549488,
TC-VM-07,cpu100,2025-04-12,2025-04-12 19:06:45,a4b604df6610218d74a92fbd474dc892307afb80b87817860a8b9869d5f40a59,socialnetwork_app_user-mention-service_1,0.1918057986870918,3899392.0,,,155648.0,703037.1991247265,819907.0021881838,
TC-VM-07,cpu100,2025-04-12,2025-04-12 19:05:35,afd68e6501efcdd7813b11ba8a1d1d1c2414c8a179e7451bcfd22da70137ce92,socialnetwork_app_social-graph-mongodb_1,,15867904.0,,,364544.0,,,
TC-VM-07,cpu100,2025-04-12,2025-04-12 19:05:40,afd68e6501efcdd7813b11ba8a1d1d1c2414c8a179e7451bcfd22da70137ce92,socialnetwork_app_social-graph-mongodb_1,0.0038559018906514,16130048.0,,,364544.0,97.08737864077668,196.729688298416,
TC-VM-07,cpu100,2025-04-12,2025-04-12 19:05:45,afd68e6501efcdd7813b11ba8a1d1d1c2414c8a179e7451bcfd22da70137ce92,socialnetwork_app_social-graph-mongodb_1,0.0036455473424847,15867904.0,,,364544.0,0.0,0.0,
TC-VM-07,cpu100,2025-04-12,2025-04-12 19:05:50,afd68e6501efcdd7813b11ba8a1d1d1c2414c8a179e7451bcfd22da70137ce92,socialnetwork_app_social-graph-mongodb_1,0.004664277839028,15876096.0,,,364544.0,0.0,0.0,
TC-VM-07,cpu100,2025-04-12,2025-04-12 19:05:55,afd68e6501efcdd7813b11ba8a1d1d1c2414c8a179e7451bcfd22da70137ce92,socialnetwork_app_social-graph-mongodb_1,0.0029847058823532,15876096.0,,,364544.0,0.0,0.0,
TC-VM-07,cpu100,2025-04-12,2025-04-12 19:06:00,afd68e6501efcdd7813b11ba8a1d1d1c2414c8a179e7451bcfd22da70137ce92,socialnetwork_app_social-graph-mongodb_1,0.0027030456852775,15876096.0,,,364544.0,160.7445008460237,325.7191201353638,
TC-VM-07,cpu100,2025-04-12,2025-04-12 19:06:05,afd68e6501efcdd7813b11ba8a1d1d1c2414c8a179e7451bcfd22da70137ce92,socialnetwork_app_social-graph-mongodb_1,0.003121171770973,15876096.0,,,364544.0,0.0,0.0,
TC-VM-07,cpu100,2025-04-12,2025-04-12 19:06:10,afd68e6501efcdd7813b11ba8a1d1d1c2414c8a179e7451bcfd22da70137ce92,socialnetwork_app_social-graph-mongodb_1,0.00304746835443,15876096.0,,,364544.0,100.21097046413504,203.05907172995785,
TC-VM-07,cpu100,2025-04-12,2025-04-12 19:06:15,afd68e6501efcdd7813b11ba8a1d1d1c2414c8a179e7451bcfd22da70137ce92,socialnetwork_app_social-graph-mongodb_1,0.0028559270516746,15880192.0,,,364544.0,0.0,0.0,
TC-VM-07,cpu100,2025-04-12,2025-04-12 19:06:20,afd68e6501efcdd7813b11ba8a1d1d1c2414c8a179e7451bcfd22da70137ce92,socialnetwork_app_social-graph-mongodb_1,0.0034960122699393,15880192.0,,,364544.0,58.28220858895706,118.09815950920246,
TC-VM-07,cpu100,2025-04-12,2025-04-12 19:06:25,afd68e6501efcdd7813b11ba8a1d1d1c2414c8a179e7451bcfd22da70137ce92,socialnetwork_app_social-graph-mongodb_1,0.0028433889602049,15880192.0,,,364544.0,0.0,0.0,
TC-VM-07,cpu100,2025-04-12,2025-04-12 19:06:30,afd68e6501efcdd7813b11ba8a1d1d1c2414c8a179e7451bcfd22da70137ce92,socialnetwork_app_social-graph-mongodb_1,0.0023802453195605,15880192.0,,,364544.0,122.65978050355068,248.54744996772112,
TC-VM-07,cpu100,2025-04-12,2025-04-12 19:06:35,afd68e6501efcdd7813b11ba8a1d1d1c2414c8a179e7451bcfd22da70137ce92,socialnetwork_app_social-graph-mongodb_1,0.0032100290697701,15880192.0,,,364544.0,0.0,0.0,
TC-VM-07,cpu100,2025-04-12,2025-04-12 19:06:40,afd68e6501efcdd7813b11ba8a1d1d1c2414c8a179e7451bcfd22da70137ce92,socialnetwork_app_social-graph-mongodb_1,0.0030182961692364,15880192.0,,,364544.0,108.63350485991997,220.125786163522,
TC-VM-07,cpu100,2025-04-12,2025-04-12 19:06:45,afd68e6501efcdd7813b11ba8a1d1d1c2414c8a179e7451bcfd22da70137ce92,socialnetwork_app_social-graph-mongodb_1,0.0018314814814803,15880192.0,,,364544.0,0.0,0.0,
TC-VM-07,cpu100,2025-04-12,2025-04-12 19:05:35,b59bf7c5f142a031f5588db5025d3a859ed2655e13164bc71348ab9dab6f71f0,socialnetwork_app_user-service_1,,10702848.0,,,290816.0,,,
TC-VM-07,cpu100,2025-04-12,2025-04-12 19:05:40,b59bf7c5f142a031f5588db5025d3a859ed2655e13164bc71348ab9dab6f71f0,socialnetwork_app_user-service_1,,10702848.0,,,290816.0,,,
TC-VM-07,cpu100,2025-04-12,2025-04-12 19:05:45,b59bf7c5f142a031f5588db5025d3a859ed2655e13164bc71348ab9dab6f71f0,socialnetwork_app_user-service_1,0.0,10702848.0,,,290816.0,0.0,0.0,
TC-VM-07,cpu100,2025-04-12,2025-04-12 19:05:50,b59bf7c5f142a031f5588db5025d3a859ed2655e13164bc71348ab9dab6f71f0,socialnetwork_app_user-service_1,,10702848.0,,,290816.0,,,
TC-VM-07,cpu100,2025-04-12,2025-04-12 19:05:55,b59bf7c5f142a031f5588db5025d3a859ed2655e13164bc71348ab9dab6f71f0,socialnetwork_app_user-service_1,0.0738016922263344,10670080.0,,,290816.0,226092.01480698044,173613.960867266,
TC-VM-07,cpu100,2025-04-12,2025-04-12 19:06:00,b59bf7c5f142a031f5588db5025d3a859ed2655e13164bc71348ab9dab6f71f0,socialnetwork_app_user-service_1,0.0708474661314602,10686464.0,,,290816.0,228451.078775715,173224.28499749122,
TC-VM-07,cpu100,2025-04-12,2025-04-12 19:06:05,b59bf7c5f142a031f5588db5025d3a859ed2655e13164bc71348ab9dab6f71f0,socialnetwork_app_user-service_1,0.0700833333333311,10637312.0,,,290816.0,227376.16822429904,139466.5109034268,
TC-VM-07,cpu100,2025-04-12,2025-04-12 19:06:10,b59bf7c5f142a031f5588db5025d3a859ed2655e13164bc71348ab9dab6f71f0,socialnetwork_app_user-service_1,0.0732673314339982,10670080.0,,,290816.0,236047.4833808168,176111.5859449193,
TC-VM-07,cpu100,2025-04-12,2025-04-12 19:06:15,b59bf7c5f142a031f5588db5025d3a859ed2655e13164bc71348ab9dab6f71f0,socialnetwork_app_user-service_1,0.0721327201051246,10702848.0,,,290816.0,228849.5400788436,183724.70433639947,
TC-VM-07,cpu100,2025-04-12,2025-04-12 19:06:20,b59bf7c5f142a031f5588db5025d3a859ed2655e13164bc71348ab9dab6f71f0,socialnetwork_app_user-service_1,0.0702058212058226,10674176.0,,,290816.0,227131.6701316701,185065.14206514205,
TC-VM-07,cpu100,2025-04-12,2025-04-12 19:06:25,b59bf7c5f142a031f5588db5025d3a859ed2655e13164bc71348ab9dab6f71f0,socialnetwork_app_user-service_1,0.0692411556603763,10674176.0,,,290816.0,238441.62735849057,150974.6462264151,
TC-VM-07,cpu100,2025-04-12,2025-04-12 19:06:30,b59bf7c5f142a031f5588db5025d3a859ed2655e13164bc71348ab9dab6f71f0,socialnetwork_app_user-service_1,0.0657865420560767,10936320.0,,,290816.0,214006.72897196264,155602.9906542056,
TC-VM-07,cpu100,2025-04-12,2025-04-12 19:06:35,b59bf7c5f142a031f5588db5025d3a859ed2655e13164bc71348ab9dab6f71f0,socialnetwork_app_user-service_1,0.0603632501327668,10706944.0,,,290816.0,197082.84652150824,120831.12055231014,
TC-VM-07,cpu100,2025-04-12,2025-04-12 19:06:40,b59bf7c5f142a031f5588db5025d3a859ed2655e13164bc71348ab9dab6f71f0,socialnetwork_app_user-service_1,0.0617465162574652,10792960.0,,,290816.0,199001.99071001992,165743.198407432,
TC-VM-07,cpu100,2025-04-12,2025-04-12 19:06:45,b59bf7c5f142a031f5588db5025d3a859ed2655e13164bc71348ab9dab6f71f0,socialnetwork_app_user-service_1,0.0579176954732543,10756096.0,,,290816.0,191325.10288065844,117346.50205761316,
TC-VM-07,cpu100,2025-04-12,2025-04-12 19:05:35,bb78b9ee18d484971fae98a297ec9ea574d4725eb496fd3df7a9aff57dba9da9,socialnetwork_app_user-timeline-redis_1,0.0044770514603586,61431808.0,,,69632.0,0.0,0.0,
TC-VM-07,cpu100,2025-04-12,2025-04-12 19:05:40,bb78b9ee18d484971fae98a297ec9ea574d4725eb496fd3df7a9aff57dba9da9,socialnetwork_app_user-timeline-redis_1,0.004405458089668,61169664.0,,,69632.0,0.0,0.0,
TC-VM-07,cpu100,2025-04-12,2025-04-12 19:05:45,bb78b9ee18d484971fae98a297ec9ea574d4725eb496fd3df7a9aff57dba9da9,socialnetwork_app_user-timeline-redis_1,0.0016030818278426,61431808.0,,,69632.0,0.0,0.0,
TC-VM-07,cpu100,2025-04-12,2025-04-12 19:05:50,bb78b9ee18d484971fae98a297ec9ea574d4725eb496fd3df7a9aff57dba9da9,socialnetwork_app_user-timeline-redis_1,0.0572759526938268,61984768.0,,,69632.0,203238.50197109068,69034.1655716163,
TC-VM-07,cpu100,2025-04-12,2025-04-12 19:05:55,bb78b9ee18d484971fae98a297ec9ea574d4725eb496fd3df7a9aff57dba9da9,socialnetwork_app_user-timeline-redis_1,0.059813600000001,62812160.0,,,69632.0,201723.2,67536.0,
TC-VM-07,cpu100,2025-04-12,2025-04-12 19:06:00,bb78b9ee18d484971fae98a297ec9ea574d4725eb496fd3df7a9aff57dba9da9,socialnetwork_app_user-timeline-redis_1,0.0561457219251316,64077824.0,,,69632.0,202549.4652406417,69064.17112299465,
TC-VM-07,cpu100,2025-04-12,2025-04-12 19:06:05,bb78b9ee18d484971fae98a297ec9ea574d4725eb496fd3df7a9aff57dba9da9,socialnetwork_app_user-timeline-redis_1,0.0552875536480671,65032192.0,,,69632.0,208012.8755364807,69785.40772532189,
TC-VM-07,cpu100,2025-04-12,2025-04-12 19:06:10,bb78b9ee18d484971fae98a297ec9ea574d4725eb496fd3df7a9aff57dba9da9,socialnetwork_app_user-timeline-redis_1,0.0559959132348316,65941504.0,,,69632.0,205842.1879911977,71364.35083307137,
TC-VM-07,cpu100,2025-04-12,2025-04-12 19:06:15,bb78b9ee18d484971fae98a297ec9ea574d4725eb496fd3df7a9aff57dba9da9,socialnetwork_app_user-timeline-redis_1,0.0550439497716863,66850816.0,,,69632.0,206486.301369863,69400.68493150685,
TC-VM-07,cpu100,2025-04-12,2025-04-12 19:06:20,bb78b9ee18d484971fae98a297ec9ea574d4725eb496fd3df7a9aff57dba9da9,socialnetwork_app_user-timeline-redis_1,0.0552395451210555,67379200.0,,,69632.0,209746.88187820985,70128.39325018342,
TC-VM-07,cpu100,2025-04-12,2025-04-12 19:06:25,bb78b9ee18d484971fae98a297ec9ea574d4725eb496fd3df7a9aff57dba9da9,socialnetwork_app_user-timeline-redis_1,0.0530184331797219,68075520.0,,,69632.0,201160.63199473332,66405.52995391705,
TC-VM-07,cpu100,2025-04-12,2025-04-12 19:06:30,bb78b9ee18d484971fae98a297ec9ea574d4725eb496fd3df7a9aff57dba9da9,socialnetwork_app_user-timeline-redis_1,0.0529449176604187,68464640.0,,,69632.0,201968.7677455991,67018.73935264055,
TC-VM-07,cpu100,2025-04-12,2025-04-12 19:06:35,bb78b9ee18d484971fae98a297ec9ea574d4725eb496fd3df7a9aff57dba9da9,socialnetwork_app_user-timeline-redis_1,0.0471645480226009,68739072.0,,,69632.0,180460.4519774012,59124.293785310736,
TC-VM-07,cpu100,2025-04-12,2025-04-12 19:06:40,bb78b9ee18d484971fae98a297ec9ea574d4725eb496fd3df7a9aff57dba9da9,socialnetwork_app_user-timeline-redis_1,0.0483704839809115,69410816.0,,,69632.0,185494.5466939332,60647.58009543285,
TC-VM-07,cpu100,2025-04-12,2025-04-12 19:06:45,bb78b9ee18d484971fae98a297ec9ea574d4725eb496fd3df7a9aff57dba9da9,socialnetwork_app_user-timeline-redis_1,0.0469758865248201,69627904.0,,,69632.0,177783.68794326243,58184.39716312057,
TC-VM-07,cpu100,2025-04-12,2025-04-12 19:05:35,bce7f1fd95d26de51af548469a0de774671ada63b2d3468cbfeca1058995d748,socialnetwork_app_social-graph-service_1,0.0,9789440.0,,,139264.0,0.0,0.0,
TC-VM-07,cpu100,2025-04-12,2025-04-12 19:05:40,bce7f1fd95d26de51af548469a0de774671ada63b2d3468cbfeca1058995d748,socialnetwork_app_social-graph-service_1,,9789440.0,,,139264.0,,,
TC-VM-07,cpu100,2025-04-12,2025-04-12 19:05:45,bce7f1fd95d26de51af548469a0de774671ada63b2d3468cbfeca1058995d748,socialnetwork_app_social-graph-service_1,0.0,9789440.0,,,139264.0,0.0,0.0,
TC-VM-07,cpu100,2025-04-12,2025-04-12 19:05:50,bce7f1fd95d26de51af548469a0de774671ada63b2d3468cbfeca1058995d748,socialnetwork_app_social-graph-service_1,,9789440.0,,,139264.0,,,
TC-VM-07,cpu100,2025-04-12,2025-04-12 19:05:55,bce7f1fd95d26de51af548469a0de774671ada63b2d3468cbfeca1058995d748,socialnetwork_app_social-graph-service_1,,9805824.0,,,139264.0,,,
TC-VM-07,cpu100,2025-04-12,2025-04-12 19:06:00,bce7f1fd95d26de51af548469a0de774671ada63b2d3468cbfeca1058995d748,socialnetwork_app_social-graph-service_1,0.1236739946380654,9732096.0,,,139264.0,607000.5361930295,558485.7908847185,
TC-VM-07,cpu100,2025-04-12,2025-04-12 19:06:05,bce7f1fd95d26de51af548469a0de774671ada63b2d3468cbfeca1058995d748,socialnetwork_app_social-graph-service_1,0.1185466816647974,9838592.0,,,139264.0,583955.5680539933,577526.9966254218,
TC-VM-07,cpu100,2025-04-12,2025-04-12 19:06:10,bce7f1fd95d26de51af548469a0de774671ada63b2d3468cbfeca1058995d748,socialnetwork_app_social-graph-service_1,0.1314464285714228,9859072.0,,,139264.0,639918.3673469388,607654.7619047619,
TC-VM-07,cpu100,2025-04-12,2025-04-12 19:06:15,bce7f1fd95d26de51af548469a0de774671ada63b2d3468cbfeca1058995d748,socialnetwork_app_social-graph-service_1,0.1268005763688768,9793536.0,,,139264.0,604603.4582132564,559635.1585014409,
TC-VM-07,cpu100,2025-04-12,2025-04-12 19:06:20,bce7f1fd95d26de51af548469a0de774671ada63b2d3468cbfeca1058995d748,socialnetwork_app_social-graph-service_1,0.1252045728038499,9814016.0,,,139264.0,604006.016847172,559974.7292418773,
TC-VM-07,cpu100,2025-04-12,2025-04-12 19:06:25,bce7f1fd95d26de51af548469a0de774671ada63b2d3468cbfeca1058995d748,socialnetwork_app_social-graph-service_1,0.1226384313725462,9940992.0,,,139264.0,590959.2156862746,561876.0784313725,
TC-VM-07,cpu100,2025-04-12,2025-04-12 19:06:30,bce7f1fd95d26de51af548469a0de774671ada63b2d3468cbfeca1058995d748,socialnetwork_app_social-graph-service_1,0.1212493043962133,9801728.0,,,139264.0,600843.0717863105,554742.9048414023,
TC-VM-07,cpu100,2025-04-12,2025-04-12 19:06:35,bce7f1fd95d26de51af548469a0de774671ada63b2d3468cbfeca1058995d748,socialnetwork_app_social-graph-service_1,0.1057862993298595,9768960.0,,,139264.0,514604.6165301564,492988.0863737901,
TC-VM-07,cpu100,2025-04-12,2025-04-12 19:06:40,bce7f1fd95d26de51af548469a0de774671ada63b2d3468cbfeca1058995d748,socialnetwork_app_social-graph-service_1,0.1091813832100908,9801728.0,,,139264.0,542872.1183123097,496746.4114832536,
TC-VM-07,cpu100,2025-04-12,2025-04-12 19:06:45,bce7f1fd95d26de51af548469a0de774671ada63b2d3468cbfeca1058995d748,socialnetwork_app_social-graph-service_1,0.1049381652306126,9842688.0,,,139264.0,525956.4115560061,487296.502787633,
TC-VM-07,cpu100,2025-04-12,2025-04-12 19:05:35,cf16b82e5585efba0056c0626f3b844897763e09fda05526a0e6025d8c0354aa,socialnetwork_app_media-frontend_1,,6701056.0,,,122880.0,,,
TC-VM-07,cpu100,2025-04-12,2025-04-12 19:05:40,cf16b82e5585efba0056c0626f3b844897763e09fda05526a0e6025d8c0354aa,socialnetwork_app_media-frontend_1,,6701056.0,,,122880.0,,,
TC-VM-07,cpu100,2025-04-12,2025-04-12 19:05:45,cf16b82e5585efba0056c0626f3b844897763e09fda05526a0e6025d8c0354aa,socialnetwork_app_media-frontend_1,,6701056.0,,,122880.0,,,
TC-VM-07,cpu100,2025-04-12,2025-04-12 19:05:50,cf16b82e5585efba0056c0626f3b844897763e09fda05526a0e6025d8c0354aa,socialnetwork_app_media-frontend_1,,6701056.0,,,122880.0,,,
TC-VM-07,cpu100,2025-04-12,2025-04-12 19:05:55,cf16b82e5585efba0056c0626f3b844897763e09fda05526a0e6025d8c0354aa,socialnetwork_app_media-frontend_1,,6701056.0,,,122880.0,,,
TC-VM-07,cpu100,2025-04-12,2025-04-12 19:06:00,cf16b82e5585efba0056c0626f3b844897763e09fda05526a0e6025d8c0354aa,socialnetwork_app_media-frontend_1,,6701056.0,,,122880.0,,,
TC-VM-07,cpu100,2025-04-12,2025-04-12 19:06:05,cf16b82e5585efba0056c0626f3b844897763e09fda05526a0e6025d8c0354aa,socialnetwork_app_media-frontend_1,,6701056.0,,,122880.0,,,
TC-VM-07,cpu100,2025-04-12,2025-04-12 19:06:10,cf16b82e5585efba0056c0626f3b844897763e09fda05526a0e6025d8c0354aa,socialnetwork_app_media-frontend_1,,6701056.0,,,122880.0,,,
TC-VM-07,cpu100,2025-04-12,2025-04-12 19:06:15,cf16b82e5585efba0056c0626f3b844897763e09fda05526a0e6025d8c0354aa,socialnetwork_app_media-frontend_1,,6701056.0,,,122880.0,,,
TC-VM-07,cpu100,2025-04-12,2025-04-12 19:06:20,cf16b82e5585efba0056c0626f3b844897763e09fda05526a0e6025d8c0354aa,socialnetwork_app_media-frontend_1,,6701056.0,,,122880.0,,,
TC-VM-07,cpu100,2025-04-12,2025-04-12 19:06:25,cf16b82e5585efba0056c0626f3b844897763e09fda05526a0e6025d8c0354aa,socialnetwork_app_media-frontend_1,,6701056.0,,,122880.0,,,
TC-VM-07,cpu100,2025-04-12,2025-04-12 19:06:30,cf16b82e5585efba0056c0626f3b844897763e09fda05526a0e6025d8c0354aa,socialnetwork_app_media-frontend_1,,6701056.0,,,122880.0,,,
TC-VM-07,cpu100,2025-04-12,2025-04-12 19:06:35,cf16b82e5585efba0056c0626f3b844897763e09fda05526a0e6025d8c0354aa,socialnetwork_app_media-frontend_1,,6701056.0,,,122880.0,,,
TC-VM-07,cpu100,2025-04-12,2025-04-12 19:06:40,cf16b82e5585efba0056c0626f3b844897763e09fda05526a0e6025d8c0354aa,socialnetwork_app_media-frontend_1,,6701056.0,,,122880.0,,,
TC-VM-07,cpu100,2025-04-12,2025-04-12 19:06:45,cf16b82e5585efba0056c0626f3b844897763e09fda05526a0e6025d8c0354aa,socialnetwork_app_media-frontend_1,,6701056.0,,,122880.0,,,
TC-VM-07,cpu100,2025-04-12,2025-04-12 19:05:35,d3b4f2bfd120fb35a3fa94e8f2b050b7844d051581f6285aa161be71cae33dc5,socialnetwork_app_user-memcached_1,0.000179909194099,3231744.0,,,40960.0,0.0,0.0,
TC-VM-07,cpu100,2025-04-12,2025-04-12 19:05:40,d3b4f2bfd120fb35a3fa94e8f2b050b7844d051581f6285aa161be71cae33dc5,socialnetwork_app_user-memcached_1,0.0002342028985505,3231744.0,,,40960.0,0.0,0.0,
TC-VM-07,cpu100,2025-04-12,2025-04-12 19:05:45,d3b4f2bfd120fb35a3fa94e8f2b050b7844d051581f6285aa161be71cae33dc5,socialnetwork_app_user-memcached_1,7.766027759535293e-05,3231744.0,,,40960.0,0.0,0.0,
TC-VM-07,cpu100,2025-04-12,2025-04-12 19:05:50,d3b4f2bfd120fb35a3fa94e8f2b050b7844d051581f6285aa161be71cae33dc5,socialnetwork_app_user-memcached_1,0.1181275380710657,3481600.0,,,40960.0,713359.1370558375,561976.5228426396,
TC-VM-07,cpu100,2025-04-12,2025-04-12 19:05:55,d3b4f2bfd120fb35a3fa94e8f2b050b7844d051581f6285aa161be71cae33dc5,socialnetwork_app_user-memcached_1,0.1150747599451323,3735552.0,,,40960.0,711333.3333333334,566832.6474622771,
TC-VM-07,cpu100,2025-04-12,2025-04-12 19:06:00,d3b4f2bfd120fb35a3fa94e8f2b050b7844d051581f6285aa161be71cae33dc5,socialnetwork_app_user-memcached_1,0.1148746666666662,3416064.0,,,40960.0,717756.2666666667,573978.1333333333,
TC-VM-07,cpu100,2025-04-12,2025-04-12 19:06:05,d3b4f2bfd120fb35a3fa94e8f2b050b7844d051581f6285aa161be71cae33dc5,socialnetwork_app_user-memcached_1,0.1114500677812931,3407872.0,,,40960.0,705615.4541346588,557606.4166290103,
TC-VM-07,cpu100,2025-04-12,2025-04-12 19:06:10,d3b4f2bfd120fb35a3fa94e8f2b050b7844d051581f6285aa161be71cae33dc5,socialnetwork_app_user-memcached_1,0.1201119483315399,3366912.0,,,40960.0,739503.2292787944,603032.292787944,
TC-VM-07,cpu100,2025-04-12,2025-04-12 19:06:15,d3b4f2bfd120fb35a3fa94e8f2b050b7844d051581f6285aa161be71cae33dc5,socialnetwork_app_user-memcached_1,0.1158186015831141,3686400.0,,,40960.0,716488.1266490765,583918.8654353562,
TC-VM-07,cpu100,2025-04-12,2025-04-12 19:06:20,d3b4f2bfd120fb35a3fa94e8f2b050b7844d051581f6285aa161be71cae33dc5,socialnetwork_app_user-memcached_1,0.115597039473682,3403776.0,,,40960.0,710004.3859649122,577973.6842105263,
TC-VM-07,cpu100,2025-04-12,2025-04-12 19:06:25,d3b4f2bfd120fb35a3fa94e8f2b050b7844d051581f6285aa161be71cae33dc5,socialnetwork_app_user-memcached_1,0.1135147058823525,3489792.0,,,40960.0,704492.9812834224,575796.4572192513,
TC-VM-07,cpu100,2025-04-12,2025-04-12 19:06:30,d3b4f2bfd120fb35a3fa94e8f2b050b7844d051581f6285aa161be71cae33dc5,socialnetwork_app_user-memcached_1,0.1106237848347383,3461120.0,,,40960.0,694651.652624757,561717.1095268957,
TC-VM-07,cpu100,2025-04-12,2025-04-12 19:06:35,d3b4f2bfd120fb35a3fa94e8f2b050b7844d051581f6285aa161be71cae33dc5,socialnetwork_app_user-memcached_1,0.1002293529721207,3428352.0,,,40960.0,608189.9000526039,497418.72698579694,
TC-VM-07,cpu100,2025-04-12,2025-04-12 19:06:40,d3b4f2bfd120fb35a3fa94e8f2b050b7844d051581f6285aa161be71cae33dc5,socialnetwork_app_user-memcached_1,0.0989028094153419,3489792.0,,,40960.0,606034.927866363,490161.7312072893,
TC-VM-07,cpu100,2025-04-12,2025-04-12 19:06:45,d3b4f2bfd120fb35a3fa94e8f2b050b7844d051581f6285aa161be71cae33dc5,socialnetwork_app_user-memcached_1,0.1003999999999995,3735552.0,,,40960.0,619400.5464480874,501674.8633879781,
TC-VM-07,cpu100,2025-04-12,2025-04-12 19:05:35,e0f137ea1ed0a9e34ec35c02bd5c096360011fa2f30ce405e3428f6dc53b1631,socialnetwork_app_nginx-thrift_1,0.0,39489536.0,,,131072.0,0.0,0.0,
TC-VM-07,cpu100,2025-04-12,2025-04-12 19:05:40,e0f137ea1ed0a9e34ec35c02bd5c096360011fa2f30ce405e3428f6dc53b1631,socialnetwork_app_nginx-thrift_1,,39489536.0,,,131072.0,,,
TC-VM-07,cpu100,2025-04-12,2025-04-12 19:05:45,e0f137ea1ed0a9e34ec35c02bd5c096360011fa2f30ce405e3428f6dc53b1631,socialnetwork_app_nginx-thrift_1,,39489536.0,,,131072.0,,,
TC-VM-07,cpu100,2025-04-12,2025-04-12 19:05:50,e0f137ea1ed0a9e34ec35c02bd5c096360011fa2f30ce405e3428f6dc53b1631,socialnetwork_app_nginx-thrift_1,,40165376.0,,,131072.0,,,
TC-VM-07,cpu100,2025-04-12,2025-04-12 19:05:55,e0f137ea1ed0a9e34ec35c02bd5c096360011fa2f30ce405e3428f6dc53b1631,socialnetwork_app_nginx-thrift_1,0.4865567164179057,40067072.0,,,131072.0,1163667.1641791044,1376009.7014925373,
TC-VM-07,cpu100,2025-04-12,2025-04-12 19:06:00,e0f137ea1ed0a9e34ec35c02bd5c096360011fa2f30ce405e3428f6dc53b1631,socialnetwork_app_nginx-thrift_1,0.4735783132530054,39829504.0,,,131072.0,1129972.2891566264,1315794.5783132531,
TC-VM-07,cpu100,2025-04-12,2025-04-12 19:06:05,e0f137ea1ed0a9e34ec35c02bd5c096360011fa2f30ce405e3428f6dc53b1631,socialnetwork_app_nginx-thrift_1,0.4806841423948274,40398848.0,,,131072.0,1166645.3074433657,1360613.59223301,
TC-VM-07,cpu100,2025-04-12,2025-04-12 19:06:10,e0f137ea1ed0a9e34ec35c02bd5c096360011fa2f30ce405e3428f6dc53b1631,socialnetwork_app_nginx-thrift_1,0.4925253807106627,39976960.0,,,131072.0,1193068.527918782,1426421.3197969545,
TC-VM-07,cpu100,2025-04-12,2025-04-12 19:06:15,e0f137ea1ed0a9e34ec35c02bd5c096360011fa2f30ce405e3428f6dc53b1631,socialnetwork_app_nginx-thrift_1,,40742912.0,,,131072.0,,,
TC-VM-07,cpu100,2025-04-12,2025-04-12 19:06:20,e0f137ea1ed0a9e34ec35c02bd5c096360011fa2f30ce405e3428f6dc53b1631,socialnetwork_app_nginx-thrift_1,0.466815863141531,40779776.0,,,131072.0,1152087.402799378,1406820.5287713842,
TC-VM-07,cpu100,2025-04-12,2025-04-12 19:06:25,e0f137ea1ed0a9e34ec35c02bd5c096360011fa2f30ce405e3428f6dc53b1631,socialnetwork_app_nginx-thrift_1,0.454458307210034,40656896.0,,,131072.0,1155926.6457680252,1391875.8620689656,
TC-VM-07,cpu100,2025-04-12,2025-04-12 19:06:30,e0f137ea1ed0a9e34ec35c02bd5c096360011fa2f30ce405e3428f6dc53b1631,socialnetwork_app_nginx-thrift_1,0.4277497106481513,41398272.0,,,131072.0,1159902.7777777778,1332598.9583333333,
TC-VM-07,cpu100,2025-04-12,2025-04-12 19:06:35,e0f137ea1ed0a9e34ec35c02bd5c096360011fa2f30ce405e3428f6dc53b1631,socialnetwork_app_nginx-thrift_1,0.381407862407863,42176512.0,,,131072.0,1146552.8255528256,1232399.6723996722,
TC-VM-07,cpu100,2025-04-12,2025-04-12 19:06:40,e0f137ea1ed0a9e34ec35c02bd5c096360011fa2f30ce405e3428f6dc53b1631,socialnetwork_app_nginx-thrift_1,0.3874945878434702,43040768.0,,,131072.0,1152049.1257285594,1258987.510407993,
TC-VM-07,cpu100,2025-04-12,2025-04-12 19:06:45,e0f137ea1ed0a9e34ec35c02bd5c096360011fa2f30ce405e3428f6dc53b1631,socialnetwork_app_nginx-thrift_1,0.3777473262032114,43757568.0,,,131072.0,1135173.128342246,1228928.4759358289,
TC-VM-07,cpu100,2025-04-12,2025-04-12 19:05:35,e830d8a242a6b384b1722153c08b58510bbbd0c619d040203a07541384f9f9ee,socialnetwork_app_user-timeline-service_1,,12431360.0,,,180224.0,,,
TC-VM-07,cpu100,2025-04-12,2025-04-12 19:05:40,e830d8a242a6b384b1722153c08b58510bbbd0c619d040203a07541384f9f9ee,socialnetwork_app_user-timeline-service_1,0.0,12431360.0,,,180224.0,0.0,0.0,
TC-VM-07,cpu100,2025-04-12,2025-04-12 19:05:45,e830d8a242a6b384b1722153c08b58510bbbd0c619d040203a07541384f9f9ee,socialnetwork_app_user-timeline-service_1,,12431360.0,,,180224.0,,,
TC-VM-07,cpu100,2025-04-12,2025-04-12 19:05:50,e830d8a242a6b384b1722153c08b58510bbbd0c619d040203a07541384f9f9ee,socialnetwork_app_user-timeline-service_1,0.2244194097616333,12337152.0,,,180224.0,23713395.005675368,767492.6220204313,
TC-VM-07,cpu100,2025-04-12,2025-04-12 19:05:55,e830d8a242a6b384b1722153c08b58510bbbd0c619d040203a07541384f9f9ee,socialnetwork_app_user-timeline-service_1,0.2253428246013667,12632064.0,,,180224.0,24604535.307517085,783320.6150341686,
TC-VM-07,cpu100,2025-04-12,2025-04-12 19:06:00,e830d8a242a6b384b1722153c08b58510bbbd0c619d040203a07541384f9f9ee,socialnetwork_app_user-timeline-service_1,0.2225071868583157,12320768.0,,,180224.0,24901599.58932238,776054.4147843942,
TC-VM-07,cpu100,2025-04-12,2025-04-12 19:06:05,e830d8a242a6b384b1722153c08b58510bbbd0c619d040203a07541384f9f9ee,socialnetwork_app_user-timeline-service_1,0.2126864801864799,12398592.0,,,180224.0,23995750.0,758669.5804195805,
TC-VM-07,cpu100,2025-04-12,2025-04-12 19:06:10,e830d8a242a6b384b1722153c08b58510bbbd0c619d040203a07541384f9f9ee,socialnetwork_app_user-timeline-service_1,0.2330032774945363,12464128.0,,,180224.0,26144497.81500364,800271.6678805535,
TC-VM-07,cpu100,2025-04-12,2025-04-12 19:06:15,e830d8a242a6b384b1722153c08b58510bbbd0c619d040203a07541384f9f9ee,socialnetwork_app_user-timeline-service_1,0.2329892473118218,12812288.0,,,180224.0,25844750.0,771199.8207885304,
TC-VM-07,cpu100,2025-04-12,2025-04-12 19:06:20,e830d8a242a6b384b1722153c08b58510bbbd0c619d040203a07541384f9f9ee,socialnetwork_app_user-timeline-service_1,0.2258444597384741,12554240.0,,,180224.0,25535594.63179628,794859.6008258775,
TC-VM-07,cpu100,2025-04-12,2025-04-12 19:06:25,e830d8a242a6b384b1722153c08b58510bbbd0c619d040203a07541384f9f9ee,socialnetwork_app_user-timeline-service_1,0.2197045065601836,13209600.0,,,180224.0,24990508.84198517,761164.8602395894,
TC-VM-07,cpu100,2025-04-12,2025-04-12 19:06:30,e830d8a242a6b384b1722153c08b58510bbbd0c619d040203a07541384f9f9ee,socialnetwork_app_user-timeline-service_1,0.2142009493670939,12824576.0,,,180224.0,24796766.61392405,778617.088607595,
TC-VM-07,cpu100,2025-04-12,2025-04-12 19:06:35,e830d8a242a6b384b1722153c08b58510bbbd0c619d040203a07541384f9f9ee,socialnetwork_app_user-timeline-service_1,0.1899704075935163,13115392.0,,,180224.0,22007839.7543272,668068.1183696259,
TC-VM-07,cpu100,2025-04-12,2025-04-12 19:06:40,e830d8a242a6b384b1722153c08b58510bbbd0c619d040203a07541384f9f9ee,socialnetwork_app_user-timeline-service_1,0.1908357954545439,12828672.0,,,180224.0,22464071.02272728,679615.3409090909,
TC-VM-07,cpu100,2025-04-12,2025-04-12 19:06:45,e830d8a242a6b384b1722153c08b58510bbbd0c619d040203a07541384f9f9ee,socialnetwork_app_user-timeline-service_1,0.1939928501787479,12578816.0,,,180224.0,22827563.86090348,675743.5814104647,
TC-VM-07,cpu100,2025-04-12,2025-04-12 19:05:35,eb111852bf8252fc8406b6c6eb512f271bfc3e0985e79b9fbca62f20d9c73ed3,socialnetwork_app_url-shorten-memcached_1,0.0001271777003484,1134592.0,,,40960.0,0.0,0.0,
TC-VM-07,cpu100,2025-04-12,2025-04-12 19:05:40,eb111852bf8252fc8406b6c6eb512f271bfc3e0985e79b9fbca62f20d9c73ed3,socialnetwork_app_url-shorten-memcached_1,0.0001378009863649,1134592.0,,,40960.0,0.0,0.0,
TC-VM-07,cpu100,2025-04-12,2025-04-12 19:05:45,eb111852bf8252fc8406b6c6eb512f271bfc3e0985e79b9fbca62f20d9c73ed3,socialnetwork_app_url-shorten-memcached_1,5.061082024429798e-05,1134592.0,,,40960.0,0.0,0.0,
TC-VM-07,cpu100,2025-04-12,2025-04-12 19:05:50,eb111852bf8252fc8406b6c6eb512f271bfc3e0985e79b9fbca62f20d9c73ed3,socialnetwork_app_url-shorten-memcached_1,7.323304002273389e-05,1134592.0,,,40960.0,0.0,0.0,
TC-VM-07,cpu100,2025-04-12,2025-04-12 19:05:55,eb111852bf8252fc8406b6c6eb512f271bfc3e0985e79b9fbca62f20d9c73ed3,socialnetwork_app_url-shorten-memcached_1,5.5112400290039874e-05,1134592.0,,,40960.0,0.0,0.0,
TC-VM-07,cpu100,2025-04-12,2025-04-12 19:06:00,eb111852bf8252fc8406b6c6eb512f271bfc3e0985e79b9fbca62f20d9c73ed3,socialnetwork_app_url-shorten-memcached_1,7.147498375564879e-05,1134592.0,,,40960.0,0.0,0.0,
TC-VM-07,cpu100,2025-04-12,2025-04-12 19:06:05,eb111852bf8252fc8406b6c6eb512f271bfc3e0985e79b9fbca62f20d9c73ed3,socialnetwork_app_url-shorten-memcached_1,7.337823466854207e-05,1134592.0,,,40960.0,0.0,0.0,
TC-VM-07,cpu100,2025-04-12,2025-04-12 19:06:10,eb111852bf8252fc8406b6c6eb512f271bfc3e0985e79b9fbca62f20d9c73ed3,socialnetwork_app_url-shorten-memcached_1,7.982120051088233e-05,1134592.0,,,40960.0,0.0,0.0,
TC-VM-07,cpu100,2025-04-12,2025-04-12 19:06:15,eb111852bf8252fc8406b6c6eb512f271bfc3e0985e79b9fbca62f20d9c73ed3,socialnetwork_app_url-shorten-memcached_1,0.0001218408147868,1134592.0,,,40960.0,0.0,0.0,
TC-VM-07,cpu100,2025-04-12,2025-04-12 19:06:20,eb111852bf8252fc8406b6c6eb512f271bfc3e0985e79b9fbca62f20d9c73ed3,socialnetwork_app_url-shorten-memcached_1,7.035175879397046e-05,1134592.0,,,40960.0,0.0,0.0,
TC-VM-07,cpu100,2025-04-12,2025-04-12 19:06:25,eb111852bf8252fc8406b6c6eb512f271bfc3e0985e79b9fbca62f20d9c73ed3,socialnetwork_app_url-shorten-memcached_1,0.0001181877872619,1134592.0,,,40960.0,0.0,0.0,
TC-VM-07,cpu100,2025-04-12,2025-04-12 19:06:30,eb111852bf8252fc8406b6c6eb512f271bfc3e0985e79b9fbca62f20d9c73ed3,socialnetwork_app_url-shorten-memcached_1,8.866328257190675e-05,1134592.0,,,40960.0,0.0,0.0,
TC-VM-07,cpu100,2025-04-12,2025-04-12 19:06:35,eb111852bf8252fc8406b6c6eb512f271bfc3e0985e79b9fbca62f20d9c73ed3,socialnetwork_app_url-shorten-memcached_1,7.489994282446668e-05,1134592.0,,,40960.0,0.0,0.0,
TC-VM-07,cpu100,2025-04-12,2025-04-12 19:06:40,eb111852bf8252fc8406b6c6eb512f271bfc3e0985e79b9fbca62f20d9c73ed3,socialnetwork_app_url-shorten-memcached_1,6.765676567654372e-05,1134592.0,,,40960.0,0.0,0.0,
TC-VM-07,cpu100,2025-04-12,2025-04-12 19:06:45,eb111852bf8252fc8406b6c6eb512f271bfc3e0985e79b9fbca62f20d9c73ed3,socialnetwork_app_url-shorten-memcached_1,0.0001008434176751,1134592.0,,,40960.0,0.0,0.0,
TC-VM-07,cpu100,2025-04-12,2025-04-12 19:05:35,eb3206551e5d713823393780833b93d225feb7b2d051c725d1ec1556ffcf57dd,socialnetwork_app_compose-post-service_1,,10113024.0,,,180224.0,,,
TC-VM-07,cpu100,2025-04-12,2025-04-12 19:05:40,eb3206551e5d713823393780833b93d225feb7b2d051c725d1ec1556ffcf57dd,socialnetwork_app_compose-post-service_1,,10113024.0,,,180224.0,,,
TC-VM-07,cpu100,2025-04-12,2025-04-12 19:05:45,eb3206551e5d713823393780833b93d225feb7b2d051c725d1ec1556ffcf57dd,socialnetwork_app_compose-post-service_1,0.0,10113024.0,,,180224.0,0.0,0.0,
TC-VM-07,cpu100,2025-04-12,2025-04-12 19:05:50,eb3206551e5d713823393780833b93d225feb7b2d051c725d1ec1556ffcf57dd,socialnetwork_app_compose-post-service_1,,10113024.0,,,180224.0,,,
TC-VM-07,cpu100,2025-04-12,2025-04-12 19:05:55,eb3206551e5d713823393780833b93d225feb7b2d051c725d1ec1556ffcf57dd,socialnetwork_app_compose-post-service_1,,13021184.0,,,180224.0,,,
TC-VM-07,cpu100,2025-04-12,2025-04-12 19:06:00,eb3206551e5d713823393780833b93d225feb7b2d051c725d1ec1556ffcf57dd,socialnetwork_app_compose-post-service_1,0.7714834148994002,12824576.0,,,184320.0,2676297.444263187,3496102.7732463297,
TC-VM-07,cpu100,2025-04-12,2025-04-12 19:06:05,eb3206551e5d713823393780833b93d225feb7b2d051c725d1ec1556ffcf57dd,socialnetwork_app_compose-post-service_1,0.7651384615384582,14139392.0,,,184320.0,2637105.982905983,3431458.11965812,
TC-VM-07,cpu100,2025-04-12,2025-04-12 19:06:10,eb3206551e5d713823393780833b93d225feb7b2d051c725d1ec1556ffcf57dd,socialnetwork_app_compose-post-service_1,0.8353148959474243,14036992.0,,,184320.0,2752794.6330777653,3585557.5027382253,
TC-VM-07,cpu100,2025-04-12,2025-04-12 19:06:15,eb3206551e5d713823393780833b93d225feb7b2d051c725d1ec1556ffcf57dd,socialnetwork_app_compose-post-service_1,0.7944077669902909,14991360.0,,,184320.0,2675368.9320388352,3487756.139348944,
TC-VM-07,cpu100,2025-04-12,2025-04-12 19:06:20,eb3206551e5d713823393780833b93d225feb7b2d051c725d1ec1556ffcf57dd,socialnetwork_app_compose-post-service_1,0.822197191697204,16179200.0,,,184320.0,2639108.6691086693,3456124.5421245424,
TC-VM-07,cpu100,2025-04-12,2025-04-12 19:06:25,eb3206551e5d713823393780833b93d225feb7b2d051c725d1ec1556ffcf57dd,socialnetwork_app_compose-post-service_1,0.7768700460829271,17797120.0,,,184320.0,2557682.0276497696,3260909.677419355,
TC-VM-07,cpu100,2025-04-12,2025-04-12 19:06:30,eb3206551e5d713823393780833b93d225feb7b2d051c725d1ec1556ffcf57dd,socialnetwork_app_compose-post-service_1,0.7967483745123418,18751488.0,,,184320.0,2604572.496749025,3388085.500650195,
TC-VM-07,cpu100,2025-04-12,2025-04-12 19:06:35,eb3206551e5d713823393780833b93d225feb7b2d051c725d1ec1556ffcf57dd,socialnetwork_app_compose-post-service_1,0.6993658064515872,18010112.0,,,184320.0,2202124.516129032,3011570.9677419355,
TC-VM-07,cpu100,2025-04-12,2025-04-12 19:06:40,eb3206551e5d713823393780833b93d225feb7b2d051c725d1ec1556ffcf57dd,socialnetwork_app_compose-post-service_1,0.7110153977758983,18853888.0,,,184320.0,2283013.6869118903,3089591.103507271,
TC-VM-07,cpu100,2025-04-12,2025-04-12 19:06:45,eb3206551e5d713823393780833b93d225feb7b2d051c725d1ec1556ffcf57dd,socialnetwork_app_compose-post-service_1,0.6908290697674337,18018304.0,,,184320.0,2233408.7209302327,2928502.3255813955,
TC-VM-07,cpu100,2025-04-12,2025-04-12 19:05:35,eeac02fe73908404bb807e3b42ac2c8ffee3036841330c9a4216ad385b019837,socialnetwork_app_post-storage-memcached_1,7.640067911708275e-05,1142784.0,,,40960.0,0.0,0.0,
TC-VM-07,cpu100,2025-04-12,2025-04-12 19:05:40,eeac02fe73908404bb807e3b42ac2c8ffee3036841330c9a4216ad385b019837,socialnetwork_app_post-storage-memcached_1,0.0001215659340659,1142784.0,,,40960.0,0.0,0.0,
TC-VM-07,cpu100,2025-04-12,2025-04-12 19:05:45,eeac02fe73908404bb807e3b42ac2c8ffee3036841330c9a4216ad385b019837,socialnetwork_app_post-storage-memcached_1,6.412825651303456e-05,1142784.0,,,40960.0,0.0,0.0,
TC-VM-07,cpu100,2025-04-12,2025-04-12 19:05:50,eeac02fe73908404bb807e3b42ac2c8ffee3036841330c9a4216ad385b019837,socialnetwork_app_post-storage-memcached_1,6.921487603306017e-05,1142784.0,,,40960.0,0.0,0.0,
TC-VM-07,cpu100,2025-04-12,2025-04-12 19:05:55,eeac02fe73908404bb807e3b42ac2c8ffee3036841330c9a4216ad385b019837,socialnetwork_app_post-storage-memcached_1,8.901408450703746e-05,1142784.0,,,40960.0,0.0,0.0,
TC-VM-07,cpu100,2025-04-12,2025-04-12 19:06:00,eeac02fe73908404bb807e3b42ac2c8ffee3036841330c9a4216ad385b019837,socialnetwork_app_post-storage-memcached_1,7.161125319690791e-05,1142784.0,,,40960.0,0.0,0.0,
TC-VM-07,cpu100,2025-04-12,2025-04-12 19:06:05,eeac02fe73908404bb807e3b42ac2c8ffee3036841330c9a4216ad385b019837,socialnetwork_app_post-storage-memcached_1,8.573040045123576e-05,1142784.0,,,40960.0,0.0,0.0,
TC-VM-07,cpu100,2025-04-12,2025-04-12 19:06:10,eeac02fe73908404bb807e3b42ac2c8ffee3036841330c9a4216ad385b019837,socialnetwork_app_post-storage-memcached_1,8.956228956232306e-05,1142784.0,,,40960.0,0.0,0.0,
TC-VM-07,cpu100,2025-04-12,2025-04-12 19:06:15,eeac02fe73908404bb807e3b42ac2c8ffee3036841330c9a4216ad385b019837,socialnetwork_app_post-storage-memcached_1,7.450628366252715e-05,1142784.0,,,40960.0,0.0,0.0,
TC-VM-07,cpu100,2025-04-12,2025-04-12 19:06:20,eeac02fe73908404bb807e3b42ac2c8ffee3036841330c9a4216ad385b019837,socialnetwork_app_post-storage-memcached_1,7.882804325080554e-05,1142784.0,,,40960.0,0.0,0.0,
TC-VM-07,cpu100,2025-04-12,2025-04-12 19:06:25,eeac02fe73908404bb807e3b42ac2c8ffee3036841330c9a4216ad385b019837,socialnetwork_app_post-storage-memcached_1,8.390410958907749e-05,1142784.0,,,40960.0,0.0,0.0,
TC-VM-07,cpu100,2025-04-12,2025-04-12 19:06:30,eeac02fe73908404bb807e3b42ac2c8ffee3036841330c9a4216ad385b019837,socialnetwork_app_post-storage-memcached_1,9.958217270195282e-05,1142784.0,,,40960.0,0.0,0.0,
TC-VM-07,cpu100,2025-04-12,2025-04-12 19:06:35,eeac02fe73908404bb807e3b42ac2c8ffee3036841330c9a4216ad385b019837,socialnetwork_app_post-storage-memcached_1,0.0001024349286313,1142784.0,,,40960.0,0.0,0.0,
TC-VM-07,cpu100,2025-04-12,2025-04-12 19:06:40,eeac02fe73908404bb807e3b42ac2c8ffee3036841330c9a4216ad385b019837,socialnetwork_app_post-storage-memcached_1,0.0001245210727969,1142784.0,,,40960.0,0.0,0.0,
TC-VM-07,cpu100,2025-04-12,2025-04-12 19:06:45,eeac02fe73908404bb807e3b42ac2c8ffee3036841330c9a4216ad385b019837,socialnetwork_app_post-storage-memcached_1,8.962775569205456e-05,1142784.0,,,40960.0,0.0,0.0,
TC-VM-07,cpu100,2025-04-12,2025-04-12 19:05:35,f418ba3c1f0b9efcfea42f8a0f1742e6f6e298bcb51aaf19832436a6a78e8043,socialnetwork_app_home-timeline-redis_1,,2312519680.0,,,73728.0,,,
TC-VM-07,cpu100,2025-04-12,2025-04-12 19:05:40,f418ba3c1f0b9efcfea42f8a0f1742e6f6e298bcb51aaf19832436a6a78e8043,socialnetwork_app_home-timeline-redis_1,0.0044923529411696,2312519680.0,,,73728.0,0.0,0.0,
TC-VM-07,cpu100,2025-04-12,2025-04-12 19:05:45,f418ba3c1f0b9efcfea42f8a0f1742e6f6e298bcb51aaf19832436a6a78e8043,socialnetwork_app_home-timeline-redis_1,0.0015194123819478,2312519680.0,,,73728.0,0.0,0.0,
TC-VM-07,cpu100,2025-04-12,2025-04-12 19:05:50,f418ba3c1f0b9efcfea42f8a0f1742e6f6e298bcb51aaf19832436a6a78e8043,socialnetwork_app_home-timeline-redis_1,0.4330504894384363,2333159424.0,,,73728.0,3568782.586295724,280604.8428645028,
TC-VM-07,cpu100,2025-04-12,2025-04-12 19:05:55,f418ba3c1f0b9efcfea42f8a0f1742e6f6e298bcb51aaf19832436a6a78e8043,socialnetwork_app_home-timeline-redis_1,0.4063828264758605,2357964800.0,,,73728.0,3549991.055456172,280525.93917710194,
TC-VM-07,cpu100,2025-04-12,2025-04-12 19:06:00,f418ba3c1f0b9efcfea42f8a0f1742e6f6e298bcb51aaf19832436a6a78e8043,socialnetwork_app_home-timeline-redis_1,0.3995461912479572,2377412608.0,,,73728.0,3558557.5364667745,281249.59481361427,
TC-VM-07,cpu100,2025-04-12,2025-04-12 19:06:05,f418ba3c1f0b9efcfea42f8a0f1742e6f6e298bcb51aaf19832436a6a78e8043,socialnetwork_app_home-timeline-redis_1,0.3771714188730442,2399432704.0,,,73728.0,3503049.558723693,275668.0244399185,
TC-VM-07,cpu100,2025-04-12,2025-04-12 19:06:10,f418ba3c1f0b9efcfea42f8a0f1742e6f6e298bcb51aaf19832436a6a78e8043,socialnetwork_app_home-timeline-redis_1,0.4119019769357647,2420936704.0,,,73728.0,3635289.1268533776,285751.2355848435,
TC-VM-07,cpu100,2025-04-12,2025-04-12 19:06:15,f418ba3c1f0b9efcfea42f8a0f1742e6f6e298bcb51aaf19832436a6a78e8043,socialnetwork_app_home-timeline-redis_1,0.403525021204426,2441101312.0,,,73728.0,3679735.368956743,285477.5233248515,
TC-VM-07,cpu100,2025-04-12,2025-04-12 19:06:20,f418ba3c1f0b9efcfea42f8a0f1742e6f6e298bcb51aaf19832436a6a78e8043,socialnetwork_app_home-timeline-redis_1,0.3970103425985706,2463666176.0,,,73728.0,3599215.901745314,282615.3846153846,
TC-VM-07,cpu100,2025-04-12,2025-04-12 19:06:25,f418ba3c1f0b9efcfea42f8a0f1742e6f6e298bcb51aaf19832436a6a78e8043,socialnetwork_app_home-timeline-redis_1,0.4079715133531079,2490085376.0,,,73728.0,3695293.471810089,288288.42729970324,
TC-VM-07,cpu100,2025-04-12,2025-04-12 19:06:30,f418ba3c1f0b9efcfea42f8a0f1742e6f6e298bcb51aaf19832436a6a78e8043,socialnetwork_app_home-timeline-redis_1,0.4475873244508489,2565275648.0,,,73728.0,3503592.005761613,271543.39214980195,
TC-VM-07,cpu100,2025-04-12,2025-04-12 19:06:35,f418ba3c1f0b9efcfea42f8a0f1742e6f6e298bcb51aaf19832436a6a78e8043,socialnetwork_app_home-timeline-redis_1,1.0066475735879057,2728640512.0,,,73728.0,3037049.323786794,236997.61336515515,
TC-VM-07,cpu100,2025-04-12,2025-04-12 19:06:40,f418ba3c1f0b9efcfea42f8a0f1742e6f6e298bcb51aaf19832436a6a78e8043,socialnetwork_app_home-timeline-redis_1,0.9304018518518672,2675855360.0,,,73728.0,3223477.777777777,248818.5185185185,
TC-VM-07,cpu100,2025-04-12,2025-04-12 19:06:45,f418ba3c1f0b9efcfea42f8a0f1742e6f6e298bcb51aaf19832436a6a78e8043,socialnetwork_app_home-timeline-redis_1,1.119093329057093,2603790336.0,,,73728.0,3141407.9538165494,245481.7190506735,
